id,max_temp
1,220
2,194
3,194
4,229
5,166
6,234
7,161
8,180
9,219
10,252
11,280
12,242
13,213
14,246
15,267
16,236
17,247
18,226
19,174
20,166
21,211
22,164
23,164
24,218
25,238
26,179
27,159
28,159
29,190
30,205
31,239
32,317
33,151
34,135
35,188
36,231
37,236
38,219
39,219
40,180
41,178
42,247
43,229
44,261
45,261
46,243
47,217
48,172
49,146
50,147
51,157
52,251
53,279
54,208
55,208
56,208
57,195
58,191
59,203
60,171
61,261
62,223
63,223
64,193
65,241
66,265
67,238
68,243
69,213
70,264
71,244
72,264
73,268
74,212
75,220
76,208
77,218
78,195
79,218
80,176
81,218
82,227
83,217
84,241
85,221
86,161
87,201
88,270
89,297
90,243
91,247
92,247
93,254
94,206
95,206
96,204
97,283
98,215
99,218
100,240
101,240
102,301
103,305
104,305
105,301
106,219
107,172
108,217
109,325
110,301
111,305
112,281
113,292
114,292
115,242
116,287
117,312
118,285
119,261
120,252
121,250
122,206
123,247
124,201
125,301
126,294
127,301
128,305
129,207
130,230
131,227
132,215
133,250
134,229
135,172
136,172
137,172
138,228
139,220
140,180
141,215
142,219
143,178
144,221
145,219
146,270
147,290
148,318
149,297
150,312
151,292
152,285
153,284
154,302
155,305
156,250
157,301
158,312
159,316
160,288
161,274
162,179
163,220
164,294
165,301
166,242
167,201
168,242
169,264
170,265
171,297
172,287
173,318
174,301
175,269
176,301
177,361
178,264
179,244
180,284
181,303
182,285
183,233
184,285
185,392
186,244
187,269
188,240
189,306
190,265
191,227
192,223
193,161
194,172
195,250
196,219
197,287
198,241
199,241
200,228
201,301
202,301
203,250
204,292
205,203
206,251
207,287
208,266
209,266
210,227
211,194
212,247
213,280
214,311
215,322
216,322
217,302
218,320
219,347
220,212
221,230
222,246
223,201
224,334
225,362
226,340
227,302
228,284
229,302
230,302
231,197
232,212
233,194
234,212
235,264
236,297
237,297
238,281
239,291
240,256
241,250
242,284
243,284
244,302
245,267
246,285
247,331
248,322
249,341
250,331
251,240
252,283
253,272
254,236
255,258
256,243
257,249
258,242
259,289
260,205
261,244
262,320
263,293
264,240
265,198
266,243
267,243
268,243
269,228
270,242
271,223
272,182
273,198
274,184
275,191
276,316
277,218
278,229
279,195
280,195
281,240
282,305
283,301
284,330
285,305
286,281
287,312
288,312
289,285
290,302
291,243
292,243
293,240
294,307
295,307
296,345
297,262
298,261
299,246
300,193
301,241
302,292
303,284
304,285
305,250
306,292
307,275
308,261
309,284
310,302
311,230
312,223
313,243
314,241
315,241
316,219
317,214
318,227
319,272
320,236
321,188
322,185
323,171
324,223
325,224
326,316
327,265
328,180
329,262
330,281
331,240
332,297
333,263
334,285
335,284
336,285
337,250
338,265
339,186
340,280
341,112
342,235
343,231
344,204
345,256
346,254
347,244
348,316
349,211
350,226
351,267
352,177
353,262
354,222
355,236
356,288
357,260
358,266
359,256
360,256
361,230
362,228
363,356
364,302
365,302
366,254
367,257
368,215
369,224
370,167
371,218
372,267
373,248
374,246
375,281
376,269
377,221
378,270
379,263
380,213
381,189
382,211
383,197
384,212
385,247
386,227
387,229
388,281
389,273
390,262
391,206
392,220
393,196
394,220
395,265
396,219
397,195
398,331
399,331
400,302
401,277
402,315
403,237
404,348
405,288
406,263
407,219
408,201
409,215
410,240
411,166
412,172
413,173
414,220
415,313
416,274
417,250
418,144
419,243
420,212
421,169
422,189
423,235
424,257
425,235
426,223
427,251
428,223
429,260
430,205
431,281
432,240
433,297
434,289
435,258
436,217
437,191
438,201
439,245
440,238
441,207
442,230
443,116
444,239
445,239
446,238
447,179
448,239
449,305
450,274
451,294
452,347
453,219
454,195
455,312
456,233
457,250
458,285
459,285
460,232
461,302
462,267
463,267
464,197
465,197
466,195
467,304
468,306
469,318
470,292
471,203
472,219
473,184
474,182
475,182
476,316
477,315
478,227
479,241
480,234
481,161
482,222
483,219
484,219
485,156
486,146
487,290
488,292
489,167
490,180
491,184
492,227
493,227
494,227
495,200
496,221
497,242
498,240
499,301
500,297
501,239
502,289
503,243
504,258
505,300
506,241
507,241
508,241
509,365
510,287
511,294
512,213
513,213
514,229
515,316
516,239
517,282
518,283
519,225
520,250
521,284
522,280
523,195
524,197
525,258
526,264
527,261
528,223
529,243
530,217
531,241
532,188
533,276
534,246
535,264
536,240
537,297
538,239
539,227
540,303
541,163
542,159
543,186
544,226
545,245
546,197
547,223
548,245
549,190
550,197
551,241
552,318
553,287
554,223
555,200
556,231
557,171
558,182
559,188
560,218
561,240
562,173
563,151
564,116
565,238
566,238
567,157
568,136
569,278
570,261
571,255
572,238
573,242
574,227
575,239
576,161
577,161
578,161
579,166
580,297
581,301
582,301
583,297
584,342
585,220
586,275
587,320
588,281
589,301
590,235
591,213
592,289
593,292
594,234
595,285
596,284
597,285
598,285
599,212
600,212
601,243
602,273
603,233
604,277
605,206
606,215
607,232
608,207
609,270
610,222
611,333
612,332
613,212
614,273
615,237
616,292
617,246
618,307
619,201
620,301
621,301
622,246
623,222
624,281
625,212
626,256
627,215
628,261
629,213
630,309
631,171
632,259
633,220
634,290
635,282
636,237
637,275
638,275
639,256
640,271
641,271
642,340
643,264
644,249
645,212
646,301
647,295
648,237
649,285
650,234
651,322
652,291
653,207
654,223
655,320
656,346
657,248
658,286
659,283
660,197
661,205
662,349
663,191
664,167
665,182
666,251
667,218
668,198
669,230
670,230
671,223
672,223
673,246
674,240
675,266
676,271
677,288
678,297
679,336
680,304
681,144
682,171
683,295
684,353
685,320
686,281
687,271
688,246
689,288
690,270
691,306
692,186
693,238
694,235
695,289
696,264
697,244
698,244
699,245
700,351
701,349
702,242
703,242
704,236
705,318
706,318
707,267
708,268
709,229
710,143
711,116
712,135
713,244
714,234
715,144
716,284
717,257
718,316
719,267
720,247
721,267
722,322
723,268
724,268
725,245
726,166
727,243
728,178
729,180
730,205
731,243
732,263
733,256
734,193
735,241
736,241
737,241
738,198
739,294
740,269
741,166
742,288
743,292
744,209
745,266
746,339
747,281
748,291
749,313
750,313
751,229
752,269
753,197
754,242
755,312
756,341
757,281
758,281
759,266
760,284
761,250
762,267
763,176
764,209
765,259
766,222
767,235
768,188
769,220
770,295
771,209
772,351
773,243
774,246
775,306
776,250
777,269
778,269
779,234
780,244
781,287
782,361
783,361
784,239
785,264
786,295
787,298
788,234
789,234
790,218
791,294
792,198
793,203
794,203
795,184
796,303
797,315
798,340
799,325
800,305
801,227
802,188
803,212
804,204
805,262
806,236
807,289
808,261
809,280
810,240
811,218
812,242
813,253
814,283
815,219
816,205
817,215
818,279
819,315
820,293
821,236
822,247
823,263
824,158
825,265
826,242
827,342
828,207
829,197
830,197
831,263
832,190
833,190
834,205
835,215
836,318
837,200
838,227
839,254
840,314
841,302
842,237
843,263
844,240
845,281
846,315
847,263
848,263
849,267
850,277
851,228
852,298
853,245
854,246
855,279
856,341
857,229
858,215
859,116
860,313
861,311
862,213
863,298
864,298
865,242
866,229
867,268
868,349
869,260
870,208
871,245
872,234
873,236
874,218
875,206
876,218
877,209
878,340
879,232
880,203
881,312
882,325
883,344
884,162
885,209
886,247
887,257
888,212
889,240
890,292
891,285
892,159
893,218
894,245
895,381
896,392
897,312
898,305
899,361
900,279
901,246
902,247
903,247
904,247
905,226
906,213
907,159
908,170
909,267
910,267
911,262
912,276
913,210
914,294
915,305
916,302
917,282
918,240
919,339
920,220
921,211
922,217
923,295
924,337
925,291
926,218
927,295
928,289
929,214
930,161
931,247
932,290
933,279
934,213
935,258
936,219
937,349
938,351
939,322
940,302
941,315
942,240
943,241
944,232
945,230
946,264
947,332
948,201
949,284
950,263
951,181
952,209
953,209
954,209
955,239
956,271
957,272
958,272
959,262
960,244
961,316
962,168
963,280
964,282
965,313
966,315
967,265
968,306
969,243
970,269
971,313
972,362
973,362
974,230
975,341
976,303
977,287
978,256
979,281
980,285
981,252
982,256
983,252
984,346
985,257
986,287
987,300
988,229
989,247
990,219
991,116
992,256
993,239
994,220
995,216
996,172
997,309
998,242
999,242
1000,242
1001,212
1002,301
1003,281
1004,296
1005,297
1006,306
1007,254
1008,219
1009,218
1010,194
1011,219
1012,166
1013,186
1014,116
1015,301
1016,318
1017,301
1018,312
1019,312
1020,237
1021,302
1022,302
1023,249
1024,166
1025,166
1026,146
1027,272
1028,252
1029,311
1030,313
1031,220
1032,195
1033,219
1034,241
1035,227
1036,180
1037,194
1038,241
1039,240
1040,273
1041,273
1042,235
1043,239
1044,260
1045,359
1046,237
1047,206
1048,204
1049,216
1050,345
1051,259
1052,317
1053,307
1054,285
1055,263
1056,250
1057,281
1058,322
1059,357
1060,314
1061,357
1062,163
1063,232
1064,309
1065,332
1066,366
1067,325
1068,290
1069,222
1070,334
1071,238
1072,227
1073,260
1074,258
1075,241
1076,243
1077,221
1078,229
1079,222
1080,211
1081,266
1082,262
1083,235
1084,235
1085,276
1086,285
1087,285
1088,284
1089,250
1090,213
1091,281
1092,276
1093,228
1094,241
1095,315
1096,186
1097,240
1098,172
1099,116
1100,272
1101,251
1102,304
1103,256
1104,190
1105,215
1106,290
1107,290
1108,287
1109,364
1110,320
1111,334
1112,297
1113,310
1114,312
1115,325
1116,300
1117,260
1118,359
1119,361
1120,361
1121,291
1122,333
1123,291
1124,275
1125,313
1126,280
1127,327
1128,302
1129,195
1130,124
1131,118
1132,286
1133,236
1134,213
1135,211
1136,132
1137,312
1138,281
1139,332
1140,332
1141,273
1142,201
1143,264
1144,222
1145,243
1146,251
1147,299
1148,280
1149,355
1150,232
1151,232
1152,196
1153,231
1154,322
1155,361
1156,256
1157,296
1158,266
1159,259
1160,252
1161,238
1162,192
1163,244
1164,315
1165,322
1166,171
1167,227
1168,297
1169,306
1170,269
1171,263
1172,288
1173,295
1174,325
1175,313
1176,245
1177,224
1178,327
1179,296
1180,270
1181,278
1182,278
1183,338
1184,313
1185,285
1186,284
1187,235
1188,299
1189,242
1190,297
1191,291
1192,297
1193,301
1194,314
1195,248
1196,256
1197,240
1198,269
1199,242
1200,261
1201,200
1202,329
1203,309
1204,298
1205,361
1206,187
1207,220
1208,296
1209,295
1210,300
1211,248
1212,267
1213,326
1214,315
1215,229
1216,251
1217,220
1218,244
1219,280
1220,284
1221,170
1222,200
1223,296
1224,234
1225,342
1226,256
1227,239
1228,222
1229,223
1230,264
1231,312
1232,322
1233,312
1234,257
1235,294
1236,281
1237,212
1238,262
1239,283
1240,233
1241,277
1242,248
1243,281
1244,291
1245,264
1246,281
1247,291
1248,340
1249,291
1250,291
1251,297
1252,285
1253,324
1254,209
1255,338
1256,254
1257,254
1258,256
1259,251
1260,322
1261,361
1262,351
1263,342
1264,268
1265,269
1266,166
1267,244
1268,316
1269,221
1270,326
1271,317
1272,358
1273,281
1274,258
1275,269
1276,273
1277,263
1278,272
1279,227
1280,317
1281,299
1282,264
1283,325
1284,264
1285,356
1286,333
1287,282
1288,309
1289,284
1290,184
1291,350
1292,390
1293,315
1294,324
1295,331
1296,291
1297,338
1298,230
1299,240
1300,232
1301,228
1302,246
1303,246
1304,315
1305,297
1306,314
1307,182
1308,215
1309,215
1310,264
1311,260
1312,351
1313,354
1314,288
1315,306
1316,272
1317,255
1318,253
1319,236
1320,116
1321,218
1322,351
1323,213
1324,292
1325,246
1326,288
1327,234
1328,285
1329,319
1330,250
1331,309
1332,274
1333,248
1334,276
1335,349
1336,262
1337,236
1338,325
1339,292
1340,374
1341,333
1342,394
1343,326
1344,311
1345,264
1346,293
1347,279
1348,246
1349,318
1350,308
1351,266
1352,266
1353,276
1354,337
1355,337
1356,245
1357,280
1358,141
1359,193
1360,232
1361,241
1362,227
1363,282
1364,213
1365,343
1366,270
1367,218
1368,239
1369,273
1370,273
1371,261
1372,364
1373,356
1374,228
1375,271
1376,258
1377,299
1378,278
1379,266
1380,230
1381,322
1382,271
1383,311
1384,231
1385,342
1386,353
1387,295
1388,316
1389,342
1390,340
1391,306
1392,258
1393,302
1394,275
1395,275
1396,234
1397,308
1398,292
1399,358
1400,274
1401,338
1402,258
1403,265
1404,303
1405,258
1406,294
1407,276
1408,350
1409,316
1410,267
1411,289
1412,289
1413,295
1414,265
1415,202
1416,266
1417,260
1418,210
1419,260
1420,268
1421,335
1422,263
1423,302
1424,340
1425,302
1426,249
1427,334
1428,237
1429,197
1430,171
1431,219
1432,243
1433,283
1434,275
1435,236
1436,203
1437,345
1438,114
1439,203
1440,322
1441,305
1442,310
1443,275
1444,311
1445,273
1446,336
1447,331
1448,313
1449,313
1450,262
1451,265
1452,334
1453,269
1454,197
1455,204
1456,277
1457,277
1458,311
1459,349
1460,371
1461,375
1462,245
1463,311
1464,303
1465,291
1466,207
1467,272
1468,271
1469,282
1470,186
1471,308
1472,325
1473,317
1474,292
1475,342
1476,300
1477,272
1478,258
1479,263
1480,212
1481,187
1482,313
1483,271
1484,276
1485,271
1486,338
1487,256
1488,241
1489,359
1490,338
1491,264
1492,294
1493,322
1494,308
1495,281
1496,238
1497,206
1498,232
1499,276
1500,282
1501,265
1502,253
1503,290
1504,259
1505,302
1506,349
1507,243
1508,314
1509,265
1510,160
1511,265
1512,277
1513,297
1514,250
1515,303
1516,285
1517,341
1518,186
1519,190
1520,226
1521,307
1522,151
1523,286
1524,332
1525,223
1526,316
1527,238
1528,227
1529,220
1530,324
1531,263
1532,322
1533,306
1534,293
1535,279
1536,286
1537,349
1538,351
1539,349
1540,350
1541,285
1542,274
1543,274
1544,260
1545,275
1546,264
1547,203
1548,261
1549,322
1550,256
1551,253
1552,352
1553,270
1554,260
1555,361
1556,261
1557,342
1558,284
1559,254
1560,231
1561,222
1562,326
1563,314
1564,251
1565,297
1566,254
1567,245
1568,310
1569,332
1570,240
1571,264
1572,338
1573,291
1574,291
1575,312
1576,266
1577,265
1578,305
1579,260
1580,263
1581,251
1582,284
1583,355
1584,338
1585,246
1586,289
1587,370
1588,263
1589,284
1590,298
1591,279
1592,283
1593,239
1594,349
1595,349
1596,349
1597,261
1598,319
1599,286
1600,276
1601,310
1602,297
1603,245
1604,282
1605,213
1606,258
1607,205
1608,266
1609,277
1610,258
1611,307
1612,357
1613,314
1614,333
1615,232
1616,193
1617,294
1618,394
1619,220
1620,310
1621,310
1622,279
1623,275
1624,275
1625,326
1626,204
1627,245
1628,302
1629,300
1630,361
1631,361
1632,325
1633,261
1634,272
1635,300
1636,312
1637,359
1638,271
1639,314
1640,270
1641,307
1642,256
1643,213
1644,297
1645,251
1646,277
1647,279
1648,357
1649,338
1650,292
1651,317
1652,358
1653,316
1654,290
1655,227
1656,375
1657,353
1658,270
1659,325
1660,265
1661,282
1662,253
1663,308
1664,306
1665,274
1666,325
1667,310
1668,309
1669,292
1670,248
1671,270
1672,312
1673,347
1674,292
1675,330
1676,280
1677,320
1678,234
1679,284
1680,258
1681,258
1682,299
1683,316
1684,126
1685,152
1686,272
1687,339
1688,351
1689,319
1690,256
1691,280
1692,274
1693,262
1694,310
1695,291
1696,342
1697,301
1698,220
1699,313
1700,360
1701,322
1702,325
1703,232
1704,198
1705,361
1706,306
1707,310
1708,309
1709,309
1710,343
1711,248
1712,270
1713,223
1714,242
1715,275
1716,293
1717,338
1718,338
1719,338
1720,280
1721,336
1722,299
1723,325
1724,331
1725,342
1726,285
1727,184
1728,212
1729,200
1730,282
1731,222
1732,264
1733,372
1734,265
1735,350
1736,316
1737,274
1738,303
1739,271
1740,266
1741,267
1742,294
1743,271
1744,353
1745,322
1746,315
1747,253
1748,275
1749,327
1750,270
1751,256
1752,276
1753,353
1754,353
1755,375
1756,302
1757,239
1758,177
1759,283
1760,349
1761,298
1762,244
1763,287
1764,275
1765,320
1766,309
1767,274
1768,274
1769,294
1770,325
1771,239
1772,286
1773,300
1774,305
1775,303
1776,202
1777,202
1778,339
1779,282
1780,266
1781,301
1782,276
1783,267
1784,342
1785,353
1786,331
1787,313
1788,309
1789,296
1790,353
1791,326
1792,375
1793,259
1794,320
1795,259
1796,356
1797,273
1798,306
1799,287
1800,280
1801,303
1802,309
1803,282
1804,328
1805,270
1806,345
1807,294
1808,267
1809,271
1810,271
1811,360
1812,316
1813,304
1814,291
1815,223
1816,309
1817,360
1818,309
1819,350
1820,235
1821,323
1822,246
1823,347
1824,293
1825,307
1826,270
1827,332
1828,292
1829,317
1830,332
1831,280
1832,253
1833,265
1834,265
1835,273
1836,297
1837,320
1838,350
1839,274
1840,282
1841,253
1842,323
1843,345
1844,225
1845,311
1846,316
1847,267
1848,292
1849,274
1850,338
1851,338
1852,340
1853,253
1854,275
1855,302
1856,87
1857,135
1858,238
1859,278
1860,229
1861,235
1862,283
1863,227
1864,316
1865,266
1866,337
1867,364
1868,312
1869,263
1870,292
1871,292
1872,284
1873,302
1874,250
1875,250
1876,193
1877,234
1878,270
1879,252
1880,275
1881,331
1882,208
1883,165
1884,183
1885,207
1886,232
1887,259
1888,279
1889,259
1890,239
1891,357
1892,265
1893,275
1894,341
1895,285
1896,277
1897,240
1898,260
1899,331
1900,285
1901,245
1902,281
1903,281
1904,264
1905,221
1906,259
1907,268
1908,267
1909,298
1910,245
1911,274
1912,284
1913,275
1914,338
1915,259
1916,259
1917,301
1918,273
1919,265
1920,179
1921,230
1922,230
1923,223
1924,223
1925,194
1926,259
1927,281
1928,261
1929,208
1930,191
1931,223
1932,198
1933,275
1934,261
1935,373
1936,346
1937,261
1938,283
1939,235
1940,285
1941,268
1942,332
1943,302
1944,356
1945,280
1946,225
1947,257
1948,257
1949,283
1950,271
1951,283
1952,349
1953,237
1954,293
1955,373
1956,279
1957,240
1958,223
1959,213
1960,238
1961,311
1962,328
1963,311
1964,303
1965,268
1966,280
1967,357
1968,296
1969,294
1970,300
1971,303
1972,299
1973,314
1974,247
1975,245
1976,303
1977,283
1978,285
1979,307
1980,358
1981,244
1982,347
1983,314
1984,357
1985,357
1986,294
1987,303
1988,358
1989,358
1990,276
1991,276
1992,364
1993,320
1994,356
1995,307
1996,294
1997,258
1998,294
1999,294
2000,146
2001,159
2002,189
2003,266
2004,223
2005,209
2006,311
2007,351
2008,264
2009,297
2010,297
2011,297
2012,265
2013,299
2014,327
2015,319
2016,302
2017,355
2018,355
2019,261
2020,272
2021,220
2022,314
2023,314
2024,355
2025,355
2026,355
2027,272
2028,252
2029,273
2030,302
2031,291
2032,275
2033,274
2034,265
2035,261
2036,296
2037,173
2038,314
2039,272
2040,250
2041,250
2042,141
2043,299
2044,301
2045,218
2046,233
2047,248
2048,240
2049,256
2050,283
2051,215
2052,276
2053,351
2054,247
2055,237
2056,210
2057,244
2058,268
2059,264
2060,292
2061,276
2062,275
2063,275
2064,167
2065,194
2066,139
2067,111
2068,200
2069,195
2070,259
2071,323
2072,270
2073,270
2074,276
2075,334
2076,286
2077,336
2078,276
2079,281
2080,256
2081,226
2082,231
2083,264
2084,212
2085,246
2086,231
2087,201
2088,243
2089,223
2090,218
2091,225
2092,276
2093,283
2094,307
2095,251
2096,251
2097,344
2098,302
2099,344
2100,322
2101,315
2102,263
2103,292
2104,171
2105,313
2106,188
2107,264
2108,287
2109,290
2110,263
2111,284
2112,236
2113,327
2114,327
2115,293
2116,227
2117,320
2118,289
2119,352
2120,331
2121,315
2122,302
2123,314
2124,310
2125,274
2126,244
2127,272
2128,272
2129,291
2130,341
2131,341
2132,271
2133,260
2134,322
2135,320
2136,295
2137,342
2138,282
2139,262
2140,311
2141,326
2142,375
2143,192
2144,286
2145,276
2146,264
2147,289
2148,261
2149,282
2150,282
2151,237
2152,261
2153,235
2154,313
2155,264
2156,370
2157,370
2158,243
2159,193
2160,223
2161,220
2162,220
2163,285
2164,334
2165,273
2166,210
2167,191
2168,203
2169,172
2170,287
2171,304
2172,355
2173,355
2174,319
2175,319
2176,314
2177,299
2178,259
2179,345
2180,316
2181,259
2182,231
2183,225
2184,345
2185,280
2186,246
2187,278
2188,213
2189,267
2190,268
2191,231
2192,201
2193,210
2194,231
2195,284
2196,237
2197,245
2198,167
2199,266
2200,262
2201,273
2202,239
2203,250
2204,299
2205,278
2206,225
2207,247
2208,251
2209,299
2210,245
2211,237
2212,251
2213,250
2214,278
2215,366
2216,275
2217,292
2218,272
2219,247
2220,272
2221,362
2222,275
2223,239
2224,264
2225,247
2226,265
2227,306
2228,264
2229,292
2230,333
2231,285
2232,292
2233,282
2234,270
2235,270
2236,272
2237,254
2238,285
2239,353
2240,299
2241,187
2242,142
2243,310
2244,310
2245,350
2246,310
2247,296
2248,299
2249,135
2250,241
2251,248
2252,351
2253,335
2254,358
2255,186
2256,264
2257,285
2258,258
2259,242
2260,201
2261,212
2262,301
2263,301
2264,297
2265,281
2266,297
2267,309
2268,240
2269,301
2270,244
2271,276
2272,212
2273,278
2274,292
2275,288
2276,243
2277,243
2278,241
2279,284
2280,278
2281,254
2282,254
2283,256
2284,289
2285,297
2286,275
2287,321
2288,254
2289,335
2290,264
2291,299
2292,259
2293,285
2294,263
2295,305
2296,243
2297,249
2298,300
2299,243
2300,321
2301,243
2302,250
2303,233
2304,283
2305,271
2306,274
2307,321
2308,296
2309,254
2310,260
2311,260
2312,235
2313,249
2314,269
2315,285
2316,295
2317,314
2318,240
2319,241
2320,291
2321,278
2322,282
2323,285
2324,260
2325,318
2326,294
2327,318
2328,260
2329,288
2330,319
2331,244
2332,304
2333,237
2334,324
2335,324
2336,266
2337,292
2338,284
2339,232
2340,272
2341,272
2342,340
2343,281
2344,306
2345,275
2346,260
2347,285
2348,260
2349,343
2350,265
2351,241
2352,288
2353,332
2354,271
2355,302
2356,223
2357,336
2358,326
2359,214
2360,303
2361,295
2362,272
2363,335
2364,281
2365,223
2366,264
2367,305
2368,295
2369,314
2370,301
2371,301
2372,260
2373,260
2374,332
2375,309
2376,302
2377,267
2378,211
2379,338
2380,332
2381,309
2382,297
2383,256
2384,251
2385,270
2386,332
2387,280
2388,264
2389,309
2390,251
2391,275
2392,256
2393,265
2394,325
2395,292
2396,300
2397,243
2398,281
2399,256
2400,271
2401,339
2402,332
2403,263
2404,332
2405,332
2406,338
2407,256
2408,275
2409,300
2410,223
2411,248
2412,264
2413,258
2414,223
2415,272
2416,276
2417,244
2418,309
2419,313
2420,251
2421,257
2422,256
2423,302
2424,281
2425,281
2426,302
2427,237
2428,244
2429,252
2430,314
2431,213
2432,309
2433,251
2434,305
2435,257
2436,281
2437,228
2438,237
2439,291
2440,274
2441,278
2442,319
2443,278
2444,247
2445,274
2446,251
2447,271
2448,280
2449,301
2450,252
2451,353
2452,261
2453,213
2454,281
2455,281
2456,223
2457,272
2458,251
2459,239
2460,213
2461,301
2462,259
2463,258
2464,223
2465,310
2466,319
2467,309
2468,252
2469,242
2470,283
2471,234
2472,279
2473,256
2474,240
2475,254
2476,241
2477,286
2478,261
2479,230
2480,270
2481,253
2482,213
2483,259
2484,272
2485,232
2486,235
2487,267
2488,246
2489,267
2490,298
2491,287
2492,256
2493,281
2494,239
2495,253
2496,267
2497,159
2498,235
2499,280
2500,259
2501,285
2502,168
2503,281
2504,272
2505,210
2506,231
2507,225
2508,214
2509,198
2510,243
2511,218
2512,191
2513,284
2514,265
2515,237
2516,188
2517,191
2518,182
2519,223
2520,345
2521,330
2522,294
2523,301
2524,263
2525,263
2526,263
2527,226
2528,180
2529,186
2530,167
2531,292
2532,252
2533,285
2534,285
2535,285
2536,285
2537,250
2538,272
2539,235
2540,244
2541,295
2542,370
2543,219
2544,222
2545,248
2546,213
2547,249
2548,212
2549,264
2550,254
2551,279
2552,280
2553,245
2554,349
2555,272
2556,246
2557,276
2558,404
2559,243
2560,256
2561,257
2562,282
2563,347
2564,303
2565,273
2566,241
2567,235
2568,235
2569,229
2570,176
2571,293
2572,304
2573,243
2574,243
2575,223
2576,243
2577,243
2578,287
2579,311
2580,303
2581,311
2582,265
2583,265
2584,358
2585,209
2586,225
2587,300
2588,256
2589,246
2590,256
2591,265
2592,243
2593,311
2594,243
2595,358
2596,268
2597,281
2598,281
2599,266
2600,269
2601,244
2602,358
2603,243
2604,243
2605,218
2606,310
2607,241
2608,220
2609,311
2610,359
2611,297
2612,268
2613,314
2614,283
2615,218
2616,253
2617,234
2618,275
2619,229
2620,186
2621,227
2622,239
2623,187
2624,286
2625,214
2626,241
2627,195
2628,349
2629,333
2630,236
2631,257
2632,315
2633,227
2634,242
2635,180
2636,263
2637,341
2638,318
2639,284
2640,327
2641,345
2642,302
2643,243
2644,243
2645,306
2646,316
2647,359
2648,255
2649,271
2650,342
2651,342
2652,228
2653,213
2654,237
2655,362
2656,260
2657,314
2658,209
2659,255
2660,232
2661,225
2662,351
2663,234
2664,236
2665,206
2666,230
2667,200
2668,265
2669,206
2670,230
2671,261
2672,282
2673,277
2674,277
2675,239
2676,301
2677,320
2678,204
2679,238
2680,270
2681,222
2682,287
2683,229
2684,239
2685,252
2686,231
2687,370
2688,317
2689,317
2690,333
2691,325
2692,338
2693,306
2694,264
2695,333
2696,333
2697,267
2698,239
2699,298
2700,286
2701,195
2702,199
2703,286
2704,259
2705,316
2706,347
2707,306
2708,288
2709,277
2710,277
2711,325
2712,315
2713,281
2714,275
2715,360
2716,333
2717,306
2718,309
2719,249
2720,351
2721,253
2722,314
2723,332
2724,279
2725,294
2726,275
2727,301
2728,300
2729,326
2730,280
2731,277
2732,315
2733,371
2734,303
2735,257
2736,274
2737,309
2738,336
2739,281
2740,282
2741,342
2742,285
2743,342
2744,356
2745,285
2746,342
2747,276
2748,276
2749,299
2750,335
2751,296
2752,275
2753,168
2754,358
2755,264
2756,235
2757,314
2758,253
2759,282
2760,220
2761,331
2762,288
2763,298
2764,283
2765,267
2766,259
2767,275
2768,268
2769,301
2770,259
2771,272
2772,273
2773,245
2774,261
2775,257
2776,234
2777,248
2778,306
2779,237
2780,271
2781,250
2782,303
2783,303
2784,313
2785,358
2786,315
2787,347
2788,265
2789,281
2790,314
2791,355
2792,328
2793,313
2794,299
2795,299
2796,285
2797,319
2798,357
2799,355
2800,242
2801,323
2802,278
2803,260
2804,310
2805,280
2806,242
2807,278
2808,247
2809,261
2810,210
2811,246
2812,306
2813,142
2814,142
2815,142
2816,163
2817,164
2818,133
2819,187
2820,180
2821,184
2822,148
2823,234
2824,160
2825,152
2826,151
2827,196
2828,196
2829,196
2830,166
2831,164
2832,119
2833,119
2834,169
2835,175
2836,193
2837,205
2838,205
2839,197
2840,221
2841,240
2842,240
2843,221
2844,193
2845,193
2846,205
2847,205
2848,218
2849,218
2850,209
2851,165
2852,150
2853,196
2854,166
2855,126
2856,169
2857,169
2858,169
2859,278
2860,189
2861,169
2862,164
2863,133
2864,197
2865,197
2866,171
2867,182
2868,195
2869,225
2870,170
2871,194
2872,194
2873,194
2874,240
2875,271
2876,217
2877,255
2878,278
2879,264
2880,144
2881,161
2882,129
2883,130
2884,126
2885,268
2886,278
2887,268
2888,292
2889,267
2890,237
2891,267
2892,126
2893,182
2894,205
2895,225
2896,241
2897,280
2898,144
2899,139
2900,145
2901,166
2902,126
2903,221
2904,225
2905,117
2906,131
2907,133
2908,140
2909,143
2910,161
2911,178
2912,171
2913,257
2914,219
2915,135
2916,267
2917,129
2918,204
2919,205
2920,151
2921,182
2922,265
2923,268
2924,268
2925,217
2926,268
2927,133
2928,192
2929,184
2930,159
2931,169
2932,172
2933,89
2934,265
2935,286
2936,265
2937,268
2938,175
2939,142
2940,141
2941,112
2942,208
2943,217
2944,254
2945,167
2946,254
2947,234
2948,240
2949,240
2950,240
2951,240
2952,241
2953,239
2954,228
2955,216
2956,221
2957,221
2958,149
2959,97
2960,136
2961,147
2962,103
2963,159
2964,63
2965,267
2966,161
2967,116
2968,155
2969,155
2970,237
2971,265
2972,129
2973,104
2974,129
2975,141
2976,186
2977,142
2978,142
2979,176
2980,133
2981,184
2982,185
2983,177
2984,185
2985,277
2986,250
2987,250
2988,247
2989,194
2990,250
2991,193
2992,203
2993,224
2994,205
2995,197
2996,240
2997,221
2998,179
2999,271
3000,205
3001,197
3002,197
3003,218
3004,207
3005,240
3006,254
3007,228
3008,239
3009,170
3010,170
3011,229
3012,221
3013,269
3014,278
3015,236
3016,240
3017,240
3018,218
3019,239
3020,254
3021,254
3022,221
3023,156
3024,94
3025,257
3026,217
3027,265
3028,265
3029,265
3030,289
3031,112
3032,268
3033,139
3034,161
3035,144
3036,172
3037,127
3038,177
3039,169
3040,139
3041,254
3042,285
3043,142
3044,154
3045,80
3046,112
3047,179
3048,265
3049,268
3050,265
3051,268
3052,268
3053,191
3054,174
3055,120
3056,126
3057,225
3058,220
3059,282
3060,254
3061,249
3062,186
3063,186
3064,253
3065,226
3066,221
3067,228
3068,262
3069,226
3070,268
3071,217
3072,197
3073,193
3074,205
3075,205
3076,205
3077,240
3078,240
3079,258
3080,217
3081,240
3082,141
3083,265
3084,265
3085,268
3086,265
3087,209
3088,257
3089,209
3090,256
3091,268
3092,236
3093,278
3094,236
3095,212
3096,217
3097,212
3098,217
3099,240
3100,182
3101,217
3102,254
3103,236
3104,234
3105,139
3106,139
3107,191
3108,121
3109,121
3110,174
3111,234
3112,205
3113,205
3114,197
3115,240
3116,240
3117,182
3118,211
3119,278
3120,249
3121,301
3122,341
3123,256
3124,271
3125,209
3126,267
3127,135
3128,150
3129,198
3130,205
3131,182
3132,265
3133,286
3134,160
3135,125
3136,196
3137,126
3138,182
3139,241
3140,240
3141,237
3142,215
3143,244
3144,170
3145,193
3146,205
3147,205
3148,197
3149,205
3150,221
3151,240
3152,100
3153,170
3154,131
3155,143
3156,94
3157,257
3158,289
3159,242
3160,289
3161,289
3162,265
3163,148
3164,113
3165,113
3166,240
3167,190
3168,121
3169,193
3170,120
3171,120
3172,205
3173,205
3174,169
3175,163
3176,200
3177,263
3178,312
3179,141
3180,269
3181,249
3182,207
3183,294
3184,263
3185,217
3186,268
3187,268
3188,265
3189,217
3190,268
3191,286
3192,268
3193,303
3194,303
3195,205
3196,205
3197,178
3198,194
3199,218
3200,257
3201,182
3202,220
3203,225
3204,241
3205,280
3206,138
3207,236
3208,104
3209,218
3210,239
3211,221
3212,239
3213,254
3214,237
3215,237
3216,139
3217,148
3218,170
3219,262
3220,208
3221,200
3222,217
3223,240
3224,240
3225,217
3226,229
3227,229
3228,268
3229,169
3230,209
3231,255
3232,256
3233,271
3234,255
3235,236
3236,292
3237,264
3238,192
3239,113
3240,177
3241,113
3242,239
3243,263
3244,263
3245,193
3246,203
3247,205
3248,205
3249,229
3250,268
3251,271
3252,285
3253,263
3254,263
3255,197
3256,205
3257,221
3258,179
3259,312
3260,263
3261,294
3262,262
3263,212
3264,262
3265,217
3266,212
3267,278
3268,292
3269,249
3270,237
3271,237
3272,226
3273,264
3274,267
3275,267
3276,314
3277,293
3278,293
3279,303
3280,249
3281,212
3282,212
3283,212
3284,262
3285,262
3286,258
3287,254
3288,182
3289,221
3290,202
3291,268
3292,292
3293,157
3294,221
3295,170
3296,170
3297,245
3298,250
3299,245
3300,239
3301,218
3302,182
3303,239
3304,225
3305,244
3306,202
3307,180
3308,268
3309,265
3310,265
3311,268
3312,265
3313,268
3314,267
3315,267
3316,198
3317,197
3318,182
3319,171
3320,182
3321,166
3322,205
3323,220
3324,180
3325,225
3326,225
3327,261
3328,244
3329,237
3330,154
3331,124
3332,193
3333,197
3334,205
3335,218
3336,255
3337,271
3338,338
3339,221
3340,228
3341,239
3342,239
3343,216
3344,262
3345,237
3346,278
3347,268
3348,145
3349,234
3350,240
3351,259
3352,234
3353,250
3354,250
3355,218
3356,240
3357,234
3358,234
3359,254
3360,240
3361,229
3362,266
3363,180
3364,292
3365,250
3366,268
3367,268
3368,140
3369,112
3370,147
3371,148
3372,285
3373,314
3374,314
3375,242
3376,226
3377,226
3378,278
3379,184
3380,143
3381,257
3382,269
3383,269
3384,244
3385,289
3386,289
3387,258
3388,221
3389,226
3390,181
3391,226
3392,257
3393,142
3394,142
3395,142
3396,163
3397,220
3398,225
3399,220
3400,205
3401,170
3402,212
3403,249
3404,237
3405,268
3406,166
3407,171
3408,148
3409,185
3410,171
3411,148
3412,263
3413,245
3414,228
3415,187
3416,131
3417,270
3418,181
3419,242
3420,181
3421,216
3422,271
3423,184
3424,257
3425,257
3426,203
3427,197
3428,218
3429,240
3430,240
3431,147
3432,256
3433,278
3434,264
3435,237
3436,267
3437,264
3438,130
3439,167
3440,157
3441,184
3442,184
3443,266
3444,244
3445,295
3446,244
3447,334
3448,351
3449,164
3450,164
3451,280
3452,182
3453,236
3454,163
3455,142
3456,142
3457,189
3458,171
3459,174
3460,180
3461,180
3462,164
3463,164
3464,164
3465,138
3466,165
3467,216
3468,250
3469,300
3470,241
3471,262
3472,138
3473,141
3474,154
3475,141
3476,138
3477,138
3478,138
3479,298
3480,111
3481,161
3482,126
3483,283
3484,224
3485,292
3486,268
3487,139
3488,206
3489,242
3490,267
3491,267
3492,250
3493,250
3494,247
3495,269
3496,253
3497,212
3498,208
3499,234
3500,240
3501,182
3502,212
3503,249
3504,167
3505,217
3506,240
3507,182
3508,116
3509,289
3510,265
3511,268
3512,258
3513,221
3514,221
3515,203
3516,244
3517,236
3518,169
3519,129
3520,194
3521,205
3522,268
3523,176
3524,143
3525,176
3526,257
3527,215
3528,279
3529,221
3530,169
3531,170
3532,192
3533,179
3534,156
3535,161
3536,161
3537,147
3538,265
3539,289
3540,280
3541,275
3542,170
3543,164
3544,229
3545,200
3546,229
3547,302
3548,294
3549,139
3550,139
3551,139
3552,132
3553,142
3554,278
3555,173
3556,197
3557,135
3558,113
3559,246
3560,246
3561,292
3562,270
3563,197
3564,196
3565,171
3566,234
3567,151
3568,116
3569,257
3570,218
3571,259
3572,221
3573,226
3574,173
3575,173
3576,154
3577,250
3578,216
3579,181
3580,271
3581,256
3582,256
3583,273
3584,164
3585,165
3586,165
3587,129
3588,191
3589,268
3590,299
3591,121
3592,160
3593,148
3594,137
3595,225
3596,194
3597,178
3598,205
3599,194
3600,254
3601,198
3602,192
3603,257
3604,169
3605,197
3606,171
3607,131
3608,176
3609,176
3610,176
3611,196
3612,196
3613,219
3614,135
3615,171
3616,135
3617,135
3618,250
3619,245
3620,245
3621,154
3622,143
3623,247
3624,269
3625,228
3626,265
3627,245
3628,176
3629,176
3630,132
3631,132
3632,132
3633,142
3634,142
3635,142
3636,281
3637,226
3638,226
3639,256
3640,196
3641,139
3642,181
3643,163
3644,246
3645,246
3646,239
3647,213
3648,239
3649,209
3650,211
3651,292
3652,138
3653,141
3654,128
3655,138
3656,138
3657,141
3658,154
3659,298
3660,194
3661,194
3662,175
3663,143
3664,301
3665,129
3666,142
3667,173
3668,250
3669,194
3670,269
3671,268
3672,244
3673,268
3674,236
3675,292
3676,264
3677,303
3678,303
3679,338
3680,133
3681,257
3682,341
3683,148
3684,142
3685,217
3686,268
3687,268
3688,211
3689,211
3690,208
3691,249
3692,262
3693,303
3694,303
3695,252
3696,240
3697,259
3698,259
3699,218
3700,143
3701,176
3702,186
3703,139
3704,254
3705,228
3706,262
3707,112
3708,192
3709,257
3710,184
3711,232
3712,269
3713,244
3714,280
3715,241
3716,129
3717,173
3718,268
3719,217
3720,268
3721,268
3722,257
3723,257
3724,261
3725,202
3726,133
3727,133
3728,192
3729,192
3730,217
3731,211
3732,202
3733,176
3734,184
3735,184
3736,139
3737,294
3738,314
3739,263
3740,332
3741,167
3742,240
3743,266
3744,278
3745,268
3746,236
3747,223
3748,209
3749,215
3750,340
3751,135
3752,184
3753,180
3754,164
3755,164
3756,184
3757,192
3758,159
3759,148
3760,139
3761,169
3762,169
3763,326
3764,165
3765,125
3766,207
3767,189
3768,235
3769,224
3770,337
3771,268
3772,154
3773,150
3774,182
3775,342
3776,159
3777,184
3778,314
3779,314
3780,242
3781,205
3782,268
3783,268
3784,320
3785,194
3786,194
3787,225
3788,252
3789,243
3790,117
3791,161
3792,178
3793,194
3794,270
3795,275
3796,245
3797,197
3798,173
3799,195
3800,215
3801,325
3802,175
3803,211
3804,242
3805,181
3806,181
3807,181
3808,273
3809,263
3810,268
3811,143
3812,161
3813,257
3814,224
3815,170
3816,170
3817,221
3818,157
3819,181
3820,242
3821,166
3822,205
3823,181
3824,201
3825,194
3826,194
3827,194
3828,176
3829,176
3830,301
3831,162
3832,154
3833,154
3834,172
3835,173
3836,250
3837,221
3838,189
3839,216
3840,239
3841,239
3842,216
3843,226
3844,253
3845,232
3846,232
3847,232
3848,253
3849,238
3850,131
3851,170
3852,170
3853,184
3854,155
3855,244
3856,244
3857,237
3858,307
3859,207
3860,207
3861,301
3862,265
3863,253
3864,298
3865,280
3866,235
3867,171
3868,165
3869,121
3870,191
3871,275
3872,246
3873,184
3874,269
3875,250
3876,247
3877,250
3878,170
3879,148
3880,169
3881,114
3882,123
3883,161
3884,161
3885,184
3886,94
3887,189
3888,191
3889,224
3890,270
3891,207
3892,313
3893,323
3894,232
3895,238
3896,165
3897,318
3898,286
3899,265
3900,268
3901,241
3902,275
3903,258
3904,238
3905,266
3906,211
3907,174
3908,142
3909,161
3910,266
3911,269
3912,295
3913,269
3914,241
3915,236
3916,243
3917,207
3918,194
3919,138
3920,179
3921,244
3922,298
3923,278
3924,278
3925,225
3926,259
3927,194
3928,194
3929,269
3930,214
3931,244
3932,225
3933,236
3934,240
3935,218
3936,221
3937,240
3938,228
3939,189
3940,228
3941,228
3942,228
3943,217
3944,215
3945,178
3946,186
3947,278
3948,170
3949,215
3950,257
3951,257
3952,219
3953,290
3954,142
3955,163
3956,184
3957,193
3958,203
3959,253
3960,239
3961,237
3962,211
3963,208
3964,163
3965,170
3966,299
3967,280
3968,313
3969,259
3970,358
3971,144
3972,121
3973,130
3974,124
3975,118
3976,101
3977,167
3978,184
3979,266
3980,254
3981,191
3982,193
3983,191
3984,169
3985,154
3986,277
3987,264
3988,247
3989,253
3990,247
3991,312
3992,261
3993,247
3994,269
3995,250
3996,268
3997,237
3998,277
3999,303
4000,334
4001,169
4002,298
4003,301
4004,314
4005,361
4006,374
4007,332
4008,249
4009,262
4010,167
4011,254
4012,170
4013,170
4014,133
4015,222
4016,203
4017,191
4018,236
4019,278
4020,184
4021,159
4022,169
4023,262
4024,360
4025,221
4026,269
4027,258
4028,236
4029,277
4030,259
4031,151
4032,140
4033,244
4034,268
4035,258
4036,168
4037,319
4038,268
4039,185
4040,238
4041,238
4042,188
4043,129
4044,144
4045,142
4046,241
4047,307
4048,160
4049,164
4050,326
4051,280
4052,218
4053,240
4054,228
4055,221
4056,265
4057,268
4058,268
4059,239
4060,241
4061,254
4062,254
4063,154
4064,277
4065,267
4066,250
4067,247
4068,250
4069,261
4070,169
4071,205
4072,194
4073,257
4074,142
4075,138
4076,141
4077,138
4078,191
4079,191
4080,205
4081,198
4082,266
4083,268
4084,267
4085,267
4086,264
4087,267
4088,169
4089,169
4090,316
4091,316
4092,310
4093,194
4094,269
4095,63
4096,101
4097,240
4098,240
4099,237
4100,258
4101,238
4102,313
4103,334
4104,104
4105,144
4106,158
4107,141
4108,161
4109,151
4110,197
4111,206
4112,169
4113,139
4114,170
4115,148
4116,148
4117,171
4118,239
4119,213
4120,171
4121,113
4122,239
4123,245
4124,269
4125,260
4126,260
4127,273
4128,339
4129,292
4130,260
4131,191
4132,322
4133,244
4134,244
4135,282
4136,289
4137,303
4138,321
4139,252
4140,252
4141,335
4142,341
4143,321
4144,283
4145,254
4146,293
4147,241
4148,298
4149,313
4150,228
4151,297
4152,258
4153,258
4154,258
4155,313
4156,313
4157,313
4158,313
4159,344
4160,344
4161,370
4162,222
4163,229
4164,229
4165,288
4166,390
4167,288
4168,246
4169,143
4170,176
4171,139
4172,141
4173,242
4174,298
4175,298
4176,132
4177,132
4178,173
4179,225
4180,380
4181,333
4182,342
4183,346
4184,296
4185,318
4186,184
4187,165
4188,165
4189,165
4190,276
4191,333
4192,201
4193,201
4194,194
4195,194
4196,194
4197,176
4198,205
4199,280
4200,239
4201,197
4202,205
4203,237
4204,256
4205,275
4206,180
4207,224
4208,206
4209,355
4210,296
4211,317
4212,247
4213,265
4214,241
4215,184
4216,268
4217,314
4218,338
4219,303
4220,334
4221,204
4222,161
4223,148
4224,56
4225,147
4226,122
4227,138
4228,147
4229,170
4230,170
4231,193
4232,169
4233,194
4234,207
4235,205
4236,143
4237,216
4238,348
4239,323
4240,187
4241,185
4242,213
4243,180
4244,211
4245,232
4246,184
4247,352
4248,336
4249,266
4250,186
4251,116
4252,250
4253,265
4254,238
4255,207
4256,200
4257,271
4258,294
4259,267
4260,310
4261,245
4262,253
4263,239
4264,177
4265,192
4266,169
4267,169
4268,351
4269,314
4270,242
4271,168
4272,290
4273,321
4274,233
4275,337
4276,129
4277,204
4278,126
4279,197
4280,288
4281,288
4282,154
4283,172
4284,220
4285,142
4286,142
4287,138
4288,138
4289,237
4290,142
4291,163
4292,142
4293,142
4294,181
4295,138
4296,319
4297,128
4298,109
4299,111
4300,320
4301,320
4302,339
4303,345
4304,270
4305,276
4306,280
4307,320
4308,361
4309,313
4310,320
4311,313
4312,310
4313,269
4314,391
4315,391
4316,299
4317,176
4318,176
4319,139
4320,132
4321,142
4322,142
4323,197
4324,256
4325,260
4326,275
4327,275
4328,298
4329,356
4330,350
4331,276
4332,280
4333,259
4334,280
4335,253
4336,239
4337,239
4338,239
4339,230
4340,362
4341,270
4342,181
4343,227
4344,227
4345,181
4346,241
4347,275
4348,220
4349,244
4350,244
4351,235
4352,180
4353,180
4354,138
4355,128
4356,150
4357,175
4358,319
4359,138
4360,314
4361,169
4362,144
4363,128
4364,226
4365,286
4366,253
4367,253
4368,341
4369,368
4370,240
4371,174
4372,191
4373,177
4374,159
4375,148
4376,170
4377,314
4378,279
4379,310
4380,310
4381,165
4382,132
4383,197
4384,201
4385,201
4386,176
4387,143
4388,148
4389,169
4390,145
4391,164
4392,63
4393,267
4394,250
4395,269
4396,176
4397,143
4398,176
4399,275
4400,245
4401,187
4402,240
4403,192
4404,169
4405,169
4406,148
4407,193
4408,169
4409,205
4410,207
4411,207
4412,294
4413,288
4414,195
4415,205
4416,215
4417,215
4418,215
4419,282
4420,237
4421,310
4422,148
4423,139
4424,135
4425,177
4426,250
4427,250
4428,194
4429,269
4430,246
4431,239
4432,270
4433,135
4434,135
4435,171
4436,177
4437,245
4438,228
4439,263
4440,245
4441,244
4442,244
4443,207
4444,230
4445,207
4446,135
4447,193
4448,143
4449,169
4450,139
4451,148
4452,135
4453,268
4454,268
4455,241
4456,223
4457,217
4458,262
4459,228
4460,245
4461,142
4462,259
4463,308
4464,313
4465,261
4466,322
4467,250
4468,269
4469,250
4470,250
4471,264
4472,368
4473,229
4474,294
4475,288
4476,316
4477,171
4478,273
4479,314
4480,242
4481,261
4482,205
4483,265
4484,372
4485,181
4486,138
4487,138
4488,138
4489,138
4490,134
4491,298
4492,360
4493,368
4494,321
4495,278
4496,209
4497,340
4498,277
4499,267
4500,277
4501,264
4502,267
4503,319
4504,334
4505,288
4506,327
4507,240
4508,248
4509,240
4510,248
4511,175
4512,175
4513,181
4514,361
4515,180
4516,170
4517,171
4518,197
4519,216
4520,300
4521,181
4522,216
4523,216
4524,280
4525,273
4526,287
4527,286
4528,337
4529,318
4530,337
4531,340
4532,268
4533,280
4534,342
4535,355
4536,350
4537,284
4538,270
4539,242
4540,229
4541,209
4542,194
4543,215
4544,224
4545,331
4546,314
4547,363
4548,313
4549,340
4550,365
4551,337
4552,337
4553,148
4554,340
4555,313
4556,344
4557,326
4558,416
4559,402
4560,402
4561,222
4562,222
4563,248
4564,222
4565,195
4566,148
4567,171
4568,148
4569,113
4570,177
4571,171
4572,113
4573,268
4574,285
4575,235
4576,135
4577,113
4578,245
4579,260
4580,231
4581,293
4582,315
4583,171
4584,239
4585,245
4586,273
4587,260
4588,393
4589,239
4590,124
4591,144
4592,137
4593,137
4594,277
4595,252
4596,258
4597,258
4598,252
4599,402
4600,301
4601,314
4602,205
4603,259
4604,240
4605,142
4606,261
4607,296
4608,296
4609,266
4610,209
4611,209
4612,209
4613,278
4614,268
4615,277
4616,267
4617,250
4618,235
4619,269
4620,268
4621,268
4622,268
4623,241
4624,211
4625,299
4626,268
4627,240
4628,266
4629,287
4630,238
4631,303
4632,221
4633,157
4634,187
4635,189
4636,242
4637,268
4638,229
4639,246
4640,246
4641,360
4642,283
4643,310
4644,318
4645,318
4646,318
4647,313
4648,313
4649,313
4650,314
4651,344
4652,391
4653,278
4654,236
4655,216
4656,284
4657,177
4658,170
4659,164
4660,127
4661,269
4662,248
4663,265
4664,232
4665,266
4666,243
4667,315
4668,301
4669,301
4670,194
4671,194
4672,194
4673,194
4674,176
4675,245
4676,253
4677,245
4678,250
4679,150
4680,211
4681,266
4682,225
4683,258
4684,236
4685,256
4686,256
4687,243
4688,243
4689,136
4690,147
4691,122
4692,156
4693,169
4694,156
4695,265
4696,232
4697,289
4698,289
4699,258
4700,258
4701,240
4702,226
4703,313
4704,180
4705,180
4706,180
4707,180
4708,165
4709,171
4710,165
4711,224
4712,239
4713,241
4714,254
4715,254
4716,332
4717,274
4718,150
4719,151
4720,331
4721,239
4722,126
4723,244
4724,282
4725,244
4726,244
4727,237
4728,207
4729,299
4730,230
4731,235
4732,313
4733,365
4734,314
4735,340
4736,337
4737,214
4738,261
4739,329
4740,272
4741,318
4742,142
4743,141
4744,173
4745,314
4746,314
4747,319
4748,314
4749,368
4750,320
4751,372
4752,336
4753,333
4754,372
4755,336
4756,388
4757,211
4758,267
4759,303
4760,156
4761,372
4762,346
4763,186
4764,184
4765,165
4766,138
4767,232
4768,254
4769,269
4770,244
4771,269
4772,278
4773,241
4774,275
4775,339
4776,390
4777,371
4778,340
4779,220
4780,284
4781,194
4782,194
4783,384
4784,402
4785,346
4786,303
4787,303
4788,321
4789,297
4790,354
4791,297
4792,297
4793,359
4794,354
4795,350
4796,248
4797,292
4798,270
4799,327
4800,372
4801,346
4802,333
4803,312
4804,374
4805,335
4806,247
4807,238
4808,229
4809,247
4810,247
4811,247
4812,298
4813,270
4814,248
4815,312
4816,240
4817,258
4818,376
4819,280
4820,254
4821,288
4822,246
4823,333
4824,333
4825,332
4826,217
4827,224
4828,206
4829,240
4830,221
4831,216
4832,228
4833,156
4834,269
4835,184
4836,215
4837,253
4838,334
4839,334
4840,314
4841,368
4842,332
4843,362
4844,280
4845,280
4846,176
4847,143
4848,239
4849,316
4850,272
4851,131
4852,205
4853,143
4854,196
4855,219
4856,268
4857,265
4858,217
4859,184
4860,184
4861,239
4862,195
4863,195
4864,70
4865,101
4866,268
4867,265
4868,217
4869,268
4870,225
4871,266
4872,275
4873,211
4874,132
4875,173
4876,150
4877,226
4878,226
4879,296
4880,343
4881,361
4882,228
4883,296
4884,296
4885,259
4886,259
4887,264
4888,269
4889,250
4890,194
4891,269
4892,181
4893,226
4894,225
4895,171
4896,257
4897,280
4898,114
4899,140
4900,164
4901,148
4902,244
4903,331
4904,230
4905,244
4906,265
4907,344
4908,266
4909,272
4910,283
4911,344
4912,318
4913,259
4914,259
4915,156
4916,181
4917,265
4918,249
4919,292
4920,334
4921,276
4922,299
4923,286
4924,232
4925,363
4926,340
4927,167
4928,150
4929,98
4930,211
4931,259
4932,299
4933,278
4934,261
4935,355
4936,368
4937,368
4938,303
4939,360
4940,356
4941,356
4942,226
4943,251
4944,363
4945,256
4946,292
4947,355
4948,196
4949,363
4950,336
4951,303
4952,306
4953,303
4954,376
4955,272
4956,289
4957,272
4958,286
4959,267
4960,249
4961,249
4962,393
4963,318
4964,345
4965,239
4966,217
4967,253
4968,343
4969,285
4970,228
4971,266
4972,272
4973,273
4974,216
4975,271
4976,229
4977,299
4978,287
4979,280
4980,280
4981,319
4982,258
4983,320
4984,296
4985,290
4986,283
4987,254
4988,280
4989,225
4990,252
4991,283
4992,282
4993,230
4994,280
4995,334
4996,377
4997,201
4998,194
4999,178
5000,131
5001,194
5002,176
5003,176
5004,176
5005,257
5006,373
5007,300
5008,286
5009,256
5010,319
5011,319
5012,332
5013,256
5014,351
5015,282
5016,296
5017,310
5018,313
5019,340
5020,340
5021,323
5022,219
5023,280
5024,239
5025,211
5026,216
5027,181
5028,181
5029,296
5030,267
5031,292
5032,249
5033,284
5034,284
5035,316
5036,265
5037,250
5038,206
5039,358
5040,297
5041,198
5042,217
5043,256
5044,356
5045,356
5046,332
5047,174
5048,138
5049,138
5050,141
5051,128
5052,164
5053,138
5054,209
5055,340
5056,340
5057,313
5058,119
5059,298
5060,191
5061,337
5062,332
5063,327
5064,337
5065,254
5066,316
5067,222
5068,251
5069,332
5070,342
5071,184
5072,336
5073,266
5074,132
5075,264
5076,250
5077,250
5078,212
5079,250
5080,355
5081,323
5082,355
5083,296
5084,250
5085,269
5086,194
5087,345
5088,175
5089,242
5090,211
5091,242
5092,270
5093,209
5094,305
5095,321
5096,360
5097,199
5098,167
5099,228
5100,290
5101,340
5102,268
5103,280
5104,263
5105,268
5106,268
5107,303
5108,258
5109,252
5110,326
5111,371
5112,341
5113,402
5114,335
5115,297
5116,316
5117,310
5118,226
5119,240
5120,332
5121,306
5122,361
5123,313
5124,269
5125,344
5126,273
5127,291
5128,284
5129,321
5130,402
5131,312
5132,344
5133,344
5134,310
5135,310
5136,297
5137,297
5138,283
5139,283
5140,373
5141,264
5142,239
5143,280
5144,231
5145,260
5146,260
5147,281
5148,240
5149,318
5150,360
5151,339
5152,275
5153,340
5154,350
5155,277
5156,277
5157,335
5158,285
5159,334
5160,245
5161,245
5162,219
5163,298
5164,298
5165,368
5166,368
5167,335
5168,346
5169,282
5170,277
5171,142
5172,303
5173,303
5174,289
5175,272
5176,263
5177,239
5178,230
5179,318
5180,261
5181,362
5182,142
5183,278
5184,197
5185,289
5186,171
5187,171
5188,170
5189,170
5190,193
5191,191
5192,120
5193,194
5194,205
5195,218
5196,309
5197,228
5198,247
5199,247
5200,308
5201,308
5202,308
5203,236
5204,239
5205,207
5206,272
5207,121
5208,193
5209,193
5210,200
5211,310
5212,240
5213,248
5214,248
5215,248
5216,267
5217,269
5218,250
5219,250
5220,250
5221,269
5222,253
5223,247
5224,235
5225,264
5226,338
5227,252
5228,258
5229,402
5230,335
5231,335
5232,335
5233,175
5234,169
5235,269
5236,214
5237,266
5238,243
5239,239
5240,263
5241,236
5242,293
5243,271
5244,310
5245,248
5246,313
5247,344
5248,370
5249,312
5250,269
5251,251
5252,263
5253,273
5254,273
5255,231
5256,269
5257,360
5258,345
5259,368
5260,345
5261,254
5262,280
5263,340
5264,247
5265,269
5266,367
5267,364
5268,309
5269,272
5270,288
5271,263
5272,299
5273,286
5274,289
5275,267
5276,249
5277,249
5278,207
5279,207
5280,207
5281,230
5282,194
5283,169
5284,229
5285,310
5286,328
5287,328
5288,328
5289,141
5290,154
5291,296
5292,286
5293,232
5294,355
5295,176
5296,154
5297,265
5298,217
5299,268
5300,265
5301,142
5302,181
5303,142
5304,258
5305,310
5306,209
5307,275
5308,104
5309,180
5310,177
5311,139
5312,235
5313,224
5314,234
5315,198
5316,123
5317,129
5318,142
5319,143
5320,237
5321,289
5322,258
5323,258
5324,278
5325,318
5326,167
5327,167
5328,122
5329,142
5330,211
5331,244
5332,266
5333,266
5334,225
5335,241
5336,220
5337,236
5338,299
5339,262
5340,208
5341,182
5342,268
5343,236
5344,292
5345,278
5346,237
5347,215
5348,340
5349,313
5350,169
5351,194
5352,194
5353,154
5354,196
5355,252
5356,280
5357,211
5358,187
5359,159
5360,159
5361,159
5362,180
5363,357
5364,141
5365,138
5366,301
5367,315
5368,275
5369,178
5370,211
5371,156
5372,206
5373,260
5374,298
5375,285
5376,277
5377,303
5378,290
5379,252
5380,335
5381,321
5382,306
5383,340
5384,370
5385,344
5386,370
5387,391
5388,344
5389,250
5390,345
5391,258
5392,297
5393,280
5394,280
5395,176
5396,141
5397,244
5398,270
5399,227
5400,132
5401,150
5402,139
5403,142
5404,229
5405,268
5406,132
5407,137
5408,124
5409,264
5410,277
5411,267
5412,237
5413,250
5414,269
5415,250
5416,250
5417,194
5418,194
5419,226
5420,244
5421,256
5422,256
5423,256
5424,278
5425,277
5426,303
5427,252
5428,298
5429,341
5430,294
5431,205
5432,167
5433,313
5434,355
5435,355
5436,374
5437,332
5438,296
5439,245
5440,231
5441,312
5442,232
5443,313
5444,206
5445,206
5446,247
5447,340
5448,192
5449,257
5450,317
5451,265
5452,335
5453,370
5454,370
5455,275
5456,275
5457,390
5458,322
5459,279
5460,280
5461,135
5462,148
5463,180
5464,164
5465,164
5466,180
5467,184
5468,232
5469,310
5470,310
5471,289
5472,316
5473,289
5474,230
5475,331
5476,289
5477,228
5478,188
5479,316
5480,373
5481,316
5482,303
5483,138
5484,159
5485,235
5486,224
5487,206
5488,202
5489,208
5490,181
5491,183
5492,197
5493,151
5494,279
5495,357
5496,357
5497,329
5498,332
5499,249
5500,262
5501,167
5502,212
5503,225
5504,237
5505,215
5506,244
5507,379
5508,296
5509,376
5510,127
5511,265
5512,265
5513,217
5514,268
5515,268
5516,224
5517,157
5518,224
5519,180
5520,214
5521,292
5522,278
5523,185
5524,212
5525,217
5526,217
5527,221
5528,171
5529,277
5530,289
5531,303
5532,336
5533,186
5534,246
5535,288
5536,111
5537,265
5538,289
5539,289
5540,313
5541,285
5542,309
5543,380
5544,292
5545,121
5546,215
5547,340
5548,151
5549,221
5550,269
5551,292
5552,236
5553,288
5554,273
5555,314
5556,258
5557,258
5558,313
5559,313
5560,249
5561,262
5562,212
5563,316
5564,259
5565,257
5566,279
5567,279
5568,316
5569,285
5570,316
5571,280
5572,256
5573,341
5574,289
5575,257
5576,373
5577,243
5578,323
5579,261
5580,261
5581,302
5582,267
5583,278
5584,217
5585,280
5586,279
5587,360
5588,261
5589,329
5590,384
5591,296
5592,376
5593,363
5594,284
5595,282
5596,270
5597,290
5598,296
5599,268
5600,194
5601,178
5602,176
5603,256
5604,197
5605,196
5606,228
5607,344
5608,289
5609,263
5610,173
5611,86
5612,83
5613,111
5614,161
5615,286
5616,263
5617,263
5618,295
5619,291
5620,258
5621,284
5622,284
5623,265
5624,289
5625,289
5626,355
5627,263
5628,305
5629,263
5630,341
5631,300
5632,343
5633,318
5634,384
5635,298
5636,293
5637,277
5638,205
5639,219
5640,219
5641,219
5642,286
5643,356
5644,296
5645,322
5646,282
5647,298
5648,371
5649,416
5650,280
5651,239
5652,151
5653,148
5654,232
5655,363
5656,286
5657,289
5658,305
5659,341
5660,267
5661,296
5662,284
5663,289
5664,259
5665,167
5666,170
5667,221
5668,234
5669,268
5670,267
5671,296
5672,339
5673,165
5674,151
5675,157
5676,266
5677,184
5678,214
5679,244
5680,214
5681,214
5682,280
5683,269
5684,244
5685,268
5686,182
5687,250
5688,280
5689,279
5690,280
5691,256
5692,256
5693,337
5694,268
5695,329
5696,290
5697,286
5698,292
5699,232
5700,280
5701,113
5702,237
5703,215
5704,307
5705,204
5706,235
5707,313
5708,216
5709,221
5710,254
5711,349
5712,286
5713,268
5714,296
5715,209
5716,215
5717,180
5718,159
5719,159
5720,177
5721,184
5722,286
5723,256
5724,296
5725,300
5726,355
5727,296
5728,376
5729,289
5730,313
5731,313
5732,323
5733,284
5734,310
5735,251
5736,322
5737,206
5738,241
5739,239
5740,283
5741,296
5742,284
5743,346
5744,355
5745,289
5746,313
5747,318
5748,206
5749,206
5750,259
5751,254
5752,219
5753,306
5754,174
5755,192
5756,192
5757,231
5758,206
5759,142
5760,141
5761,164
5762,298
5763,292
5764,276
5765,215
5766,215
5767,156
5768,230
5769,215
5770,338
5771,360
5772,139
5773,326
5774,297
5775,263
5776,333
5777,205
5778,264
5779,310
5780,313
5781,206
5782,270
5783,318
5784,279
5785,206
5786,220
5787,225
5788,225
5789,252
5790,252
5791,243
5792,307
5793,197
5794,259
5795,254
5796,360
5797,169
5798,148
5799,197
5800,148
5801,139
5802,139
5803,280
5804,319
5805,368
5806,159
5807,297
5808,297
5809,360
5810,218
5811,277
5812,228
5813,338
5814,243
5815,244
5816,279
5817,289
5818,289
5819,264
5820,290
5821,142
5822,184
5823,184
5824,266
5825,124
5826,164
5827,148
5828,137
5829,277
5830,267
5831,194
5832,345
5833,243
5834,243
5835,282
5836,284
5837,247
5838,250
5839,250
5840,194
5841,250
5842,250
5843,261
5844,247
5845,301
5846,135
5847,373
5848,272
5849,298
5850,266
5851,269
5852,269
5853,236
5854,243
5855,270
5856,260
5857,184
5858,292
5859,288
5860,249
5861,299
5862,243
5863,236
5864,135
5865,127
5866,164
5867,170
5868,164
5869,142
5870,165
5871,228
5872,229
5873,133
5874,133
5875,211
5876,230
5877,263
5878,263
5879,230
5880,289
5881,316
5882,294
5883,360
5884,254
5885,379
5886,284
5887,258
5888,271
5889,290
5890,246
5891,275
5892,246
5893,343
5894,239
5895,239
5896,253
5897,286
5898,299
5899,280
5900,360
5901,281
5902,332
5903,332
5904,299
5905,230
5906,279
5907,258
5908,316
5909,310
5910,370
5911,269
5912,272
5913,296
5914,346
5915,165
5916,191
5917,120
5918,193
5919,170
5920,194
5921,229
5922,207
5923,306
5924,240
5925,240
5926,303
5927,258
5928,401
5929,264
5930,283
5931,283
5932,345
5933,247
5934,228
5935,254
5936,225
5937,346
5938,211
5939,336
5940,346
5941,336
5942,276
5943,375
5944,246
5945,308
5946,336
5947,174
5948,253
5949,197
5950,289
5951,256
5952,196
5953,342
5954,312
5955,342
5956,355
5957,309
5958,317
5959,210
5960,239
5961,239
5962,239
5963,261
5964,261
5965,258
5966,261
5967,318
5968,368
5969,263
5970,288
5971,259
5972,244
5973,339
5974,349
5975,280
5976,280
5977,349
5978,256
5979,349
5980,256
5981,258
5982,296
5983,263
5984,358
5985,268
5986,295
5987,295
5988,206
5989,197
5990,254
5991,302
5992,349
5993,302
5994,196
5995,243
5996,373
5997,243
5998,323
5999,284
6000,155
6001,127
6002,180
6003,179
6004,212
6005,332
6006,194
6007,178
6008,194
6009,252
6010,245
6011,219
6012,246
6013,213
6014,246
6015,225
6016,258
6017,287
6018,256
6019,332
6020,355
6021,355
6022,181
6023,141
6024,141
6025,301
6026,314
6027,319
6028,368
6029,368
6030,169
6031,263
6032,292
6033,143
6034,176
6035,142
6036,142
6037,142
6038,263
6039,229
6040,229
6041,260
6042,273
6043,260
6044,196
6045,197
6046,197
6047,291
6048,349
6049,360
6050,323
6051,261
6052,205
6053,194
6054,301
6055,294
6056,294
6057,316
6058,251
6059,308
6060,211
6061,206
6062,157
6063,206
6064,181
6065,242
6066,181
6067,256
6068,286
6069,299
6070,285
6071,341
6072,236
6073,243
6074,243
6075,263
6076,239
6077,322
6078,272
6079,272
6080,261
6081,258
6082,322
6083,349
6084,337
6085,337
6086,284
6087,258
6088,284
6089,241
6090,336
6091,229
6092,322
6093,246
6094,395
6095,275
6096,371
6097,282
6098,359
6099,186
6100,176
6101,171
6102,173
6103,256
6104,197
6105,173
6106,196
6107,196
6108,218
6109,277
6110,228
6111,296
6112,340
6113,317
6114,247
6115,259
6116,210
6117,296
6118,289
6119,272
6120,272
6121,302
6122,267
6123,284
6124,249
6125,284
6126,237
6127,205
6128,237
6129,244
6130,244
6131,331
6132,343
6133,267
6134,318
6135,263
6136,289
6137,263
6138,280
6139,289
6140,386
6141,303
6142,303
6143,319
6144,279
6145,379
6146,329
6147,284
6148,284
6149,291
6150,296
6151,284
6152,296
6153,344
6154,263
6155,313
6156,323
6157,313
6158,250
6159,358
6160,329
6161,379
6162,277
6163,285
6164,243
6165,138
6166,171
6167,207
6168,216
6169,240
6170,222
6171,276
6172,279
6173,324
6174,342
6175,174
6176,142
6177,138
6178,128
6179,141
6180,128
6181,164
6182,220
6183,220
6184,301
6185,301
6186,242
6187,181
6188,181
6189,244
6190,242
6191,216
6192,250
6193,286
6194,264
6195,268
6196,294
6197,194
6198,194
6199,249
6200,310
6201,288
6202,288
6203,240
6204,169
6205,169
6206,171
6207,113
6208,263
6209,273
6210,280
6211,250
6212,184
6213,320
6214,263
6215,268
6216,303
6217,326
6218,258
6219,321
6220,326
6221,341
6222,401
6223,345
6224,217
6225,266
6226,336
6227,266
6228,229
6229,267
6230,372
6231,263
6232,358
6233,263
6234,263
6235,355
6236,331
6237,339
6238,295
6239,306
6240,297
6241,368
6242,186
6243,346
6244,246
6245,288
6246,250
6247,194
6248,250
6249,250
6250,269
6251,269
6252,261
6253,254
6254,235
6255,337
6256,361
6257,310
6258,391
6259,391
6260,344
6261,370
6262,269
6263,217
6264,279
6265,256
6266,332
6267,284
6268,284
6269,282
6270,296
6271,339
6272,196
6273,277
6274,277
6275,277
6276,276
6277,276
6278,239
6279,261
6280,272
6281,290
6282,313
6283,313
6284,251
6285,206
6286,197
6287,197
6288,340
6289,297
6290,365
6291,254
6292,283
6293,292
6294,286
6295,286
6296,249
6297,282
6298,286
6299,346
6300,232
6301,143
6302,139
6303,226
6304,251
6305,173
6306,197
6307,256
6308,196
6309,228
6310,148
6311,148
6312,169
6313,148
6314,333
6315,290
6316,148
6317,97
6318,138
6319,337
6320,340
6321,340
6322,348
6323,250
6324,340
6325,343
6326,312
6327,337
6328,361
6329,96
6330,292
6331,289
6332,289
6333,237
6334,238
6335,278
6336,238
6337,318
6338,322
6339,180
6340,180
6341,127
6342,217
6343,286
6344,276
6345,323
6346,328
6347,254
6348,292
6349,318
6350,182
6351,355
6352,222
6353,355
6354,222
6355,318
6356,222
6357,205
6358,146
6359,173
6360,135
6361,197
6362,166
6363,126
6364,126
6365,244
6366,230
6367,244
6368,142
6369,242
6370,157
6371,273
6372,256
6373,260
6374,229
6375,268
6376,286
6377,268
6378,286
6379,268
6380,122
6381,194
6382,250
6383,285
6384,250
6385,213
6386,194
6387,269
6388,194
6389,250
6390,402
6391,335
6392,365
6393,340
6394,351
6395,343
6396,318
6397,222
6398,355
6399,355
6400,222
6401,222
6402,222
6403,299
6404,280
6405,237
6406,215
6407,237
6408,292
6409,271
6410,292
6411,233
6412,297
6413,382
6414,254
6415,297
6416,368
6417,337
6418,337
6419,271
6420,271
6421,292
6422,372
6423,209
6424,284
6425,300
6426,300
6427,289
6428,206
6429,156
6430,331
6431,313
6432,348
6433,222
6434,299
6435,222
6436,248
6437,248
6438,368
6439,368
6440,254
6441,228
6442,254
6443,284
6444,331
6445,299
6446,289
6447,222
6448,251
6449,295
6450,356
6451,333
6452,372
6453,368
6454,254
6455,258
6456,292
6457,284
6458,340
6459,364
6460,333
6461,333
6462,362
6463,333
6464,313
6465,313
6466,340
6467,340
6468,337
6469,368
6470,268
6471,297
6472,297
6473,222
6474,263
6475,372
6476,333
6477,333
6478,333
6479,333
6480,333
6481,333
6482,372
6483,337
6484,205
6485,222
6486,331
6487,291
6488,354
6489,317
6490,230
6491,312
6492,337
6493,269
6494,248
6495,314
6496,331
6497,337
6498,337
6499,141
6500,128
6501,175
6502,275
6503,275
6504,260
6505,269
6506,322
6507,322
6508,298
6509,310
6510,370
6511,258
6512,258
6513,258
6514,371
6515,416
6516,401
6517,235
6518,295
6519,176
6520,337
6521,337
6522,337
6523,370
6524,132
6525,173
6526,132
6527,156
6528,156
6529,139
6530,142
6531,334
6532,226
6533,251
6534,278
6535,120
6536,360
6537,261
6538,349
6539,268
6540,291
6541,379
6542,284
6543,243
6544,259
6545,217
6546,217
6547,322
6548,261
6549,333
6550,372
6551,309
6552,296
6553,272
6554,288
6555,310
6556,240
6557,248
6558,240
6559,240
6560,204
6561,269
6562,285
6563,284
6564,299
6565,299
6566,316
6567,263
6568,340
6569,299
6570,362
6571,372
6572,333
6573,362
6574,371
6575,332
6576,271
6577,372
6578,366
6579,372
6580,333
6581,372
6582,372
6583,333
6584,273
6585,228
6586,313
6587,282
6588,282
6589,360
6590,285
6591,323
6592,363
6593,263
6594,341
6595,263
6596,300
6597,358
6598,305
6599,316
6600,241
6601,241
6602,286
6603,214
6604,358
6605,254
6606,365
6607,297
6608,284
6609,292
6610,216
6611,221
6612,241
6613,221
6614,239
6615,186
6616,173
6617,170
6618,184
6619,192
6620,262
6621,217
6622,254
6623,254
6624,221
6625,295
6626,376
6627,303
6628,290
6629,254
6630,222
6631,372
6632,372
6633,372
6634,376
6635,248
6636,268
6637,372
6638,254
6639,315
6640,346
6641,346
6642,256
6643,348
6644,318
6645,268
6646,362
6647,303
6648,339
6649,268
6650,338
6651,248
6652,316
6653,333
6654,263
6655,300
6656,279
6657,289
6658,331
6659,263
6660,263
6661,362
6662,377
6663,303
6664,248
6665,268
6666,268
6667,333
6668,333
6669,333
6670,366
6671,303
6672,377
6673,295
6674,332
6675,332
6676,316
6677,369
6678,323
6679,371
6680,295
6681,371
6682,244
6683,318
6684,230
6685,230
6686,369
6687,241
6688,241
6689,373
6690,290
6691,254
6692,268
6693,338
6694,250
6695,295
6696,295
6697,295
6698,332
6699,316
6700,316
6701,289
6702,303
6703,303
6704,268
6705,250
6706,285
6707,284
6708,284
6709,330
6710,268
6711,323
6712,250
6713,250
6714,295
6715,332
6716,295
6717,393
6718,295
6719,295
6720,371
6721,254
6722,278
6723,268
6724,254
6725,268
6726,316
6727,316
6728,303
6729,306
6730,268
6731,377
6732,295
6733,332
6734,284
6735,284
6736,332
6737,290
6738,303
6739,330
6740,250
6741,284
6742,323
6743,290
6744,268
6745,268
6746,268
6747,268
6748,285
6749,254
6750,334
6751,254
6752,254
6753,349
6754,376
6755,268
6756,250
6757,250
6758,284
6759,284
6760,250
6761,377
6762,371
6763,295
6764,324
6765,230
6766,230
6767,280
6768,316
6769,316
6770,377
6771,377
6772,303
6773,303
6774,268
6775,295
6776,332
6777,295
6778,170
6779,170
6780,128
6781,268
6782,236
6783,278
6784,164
6785,209
6786,176
6787,132
6788,132
6789,132
6790,139
6791,132
6792,295
6793,346
6794,372
6795,295
6796,371
6797,331
6798,241
6799,278
6800,211
6801,336
6802,229
6803,229
6804,229
6805,229
6806,288
6807,295
6808,375
6809,288
6810,372
6811,283
6812,289
6813,290
6814,332
6815,288
6816,348
6817,332
6818,332
6819,254
6820,337
6821,288
6822,283
6823,283
6824,268
6825,336
6826,229
6827,266
6828,229
6829,332
6830,308
6831,271
6832,241
6833,241
6834,288
6835,246
6836,378
6837,271
6838,241
6839,309
6840,282
6841,236
6842,229
6843,288
6844,283
6845,310
6846,280
6847,236
6848,296
6849,247
6850,237
6851,337
6852,288
6853,309
6854,280
6855,310
6856,280
6857,246
6858,297
6859,236
6860,373
6861,280
6862,236
6863,314
6864,334
6865,370
6866,237
6867,246
6868,378
6869,142
6870,142
6871,253
6872,256
6873,256
6874,197
6875,197
6876,309
6877,197
6878,267
6879,264
6880,250
6881,280
6882,258
6883,340
6884,298
6885,293
6886,237
6887,271
6888,256
6889,377
6890,225
6891,329
6892,297
6893,282
6894,310
6895,236
6896,371
6897,280
6898,236
6899,263
6900,241
6901,359
6902,333
6903,296
6904,344
6905,293
6906,293
6907,289
6908,237
6909,237
6910,247
6911,247
6912,362
6913,247
6914,308
6915,292
6916,246
6917,201
6918,295
6919,333
6920,236
6921,280
6922,180
6923,277
6924,256
6925,280
6926,280
6927,290
6928,214
6929,382
6930,342
6931,340
6932,293
6933,280
6934,265
6935,237
6936,298
6937,319
6938,239
6939,242
6940,241
6941,293
6942,233
6943,201
6944,233
6945,251
6946,326
6947,254
6948,278
6949,233
6950,242
6951,278
6952,280
6953,298
6954,280
6955,280
6956,284
6957,237
6958,247
6959,269
6960,194
6961,250
6962,145
6963,63
6964,101
6965,143
6966,111
6967,293
6968,236
6969,243
6970,295
6971,233
6972,346
6973,225
6974,271
6975,283
6976,233
6977,280
6978,246
6979,246
6980,246
6981,273
6982,246
6983,246
6984,310
6985,255
6986,219
6987,246
6988,246
6989,246
6990,252
6991,201
6992,241
6993,201
6994,246
6995,246
6996,255
6997,288
6998,304
6999,252
7000,300
7001,280
7002,201
7003,201
7004,310
7005,246
7006,246
7007,246
7008,214
7009,300
7010,225
7011,319
7012,332
7013,233
7014,246
7015,300
7016,302
7017,317
7018,386
7019,233
7020,201
7021,280
7022,278
7023,201
7024,255
7025,312
7026,272
7027,330
7028,252
7029,252
7030,243
7031,241
7032,219
7033,284
7034,243
7035,235
7036,243
7037,272
7038,225
7039,243
7040,243
7041,281
7042,272
7043,283
7044,280
7045,236
7046,280
7047,267
7048,237
7049,247
7050,247
7051,225
7052,246
7053,243
7054,280
7055,242
7056,268
7057,246
7058,252
7059,260
7060,252
7061,248
7062,317
7063,282
7064,243
7065,265
7066,289
7067,232
7068,238
7069,236
7070,242
7071,318
7072,346
7073,344
7074,237
7075,121
7076,193
7077,193
7078,120
7079,272
7080,332
7081,355
7082,228
7083,272
7084,281
7085,335
7086,369
7087,374
7088,374
7089,312
7090,300
7091,298
7092,210
7093,210
7094,313
7095,313
7096,380
7097,296
7098,317
7099,241
7100,368
7101,298
7102,228
7103,308
7104,354
7105,336
7106,379
7107,271
7108,246
7109,304
7110,300
7111,247
7112,280
7113,298
7114,277
7115,341
7116,312
7117,272
7118,281
7119,281
7120,332
7121,289
7122,295
7123,225
7124,338
7125,228
7126,277
7127,336
7128,380
7129,228
7130,277
7131,379
7132,306
7133,306
7134,306
7135,344
7136,259
7137,269
7138,210
7139,298
7140,367
7141,228
7142,332
7143,336
7144,306
7145,336
7146,362
7147,350
7148,368
7149,277
7150,306
7151,342
7152,299
7153,334
7154,210
7155,298
7156,313
7157,277
7158,379
7159,267
7160,267
7161,267
7162,355
7163,306
7164,280
7165,241
7166,278
7167,255
7168,277
7169,300
7170,317
7171,281
7172,330
7173,228
7174,369
7175,267
7176,295
7177,331
7178,271
7179,292
7180,241
7181,241
7182,246
7183,194
7184,285
7185,328
7186,336
7187,355
7188,267
7189,367
7190,280
7191,228
7192,336
7193,342
7194,289
7195,308
7196,303
7197,306
7198,336
7199,336
7200,303
7201,313
7202,228
7203,228
7204,280
7205,355
7206,355
7207,368
7208,317
7209,330
7210,308
7211,355
7212,355
7213,355
7214,332
7215,280
7216,368
7217,251
7218,265
7219,269
7220,308
7221,280
7222,216
7223,251
7224,216
7225,280
7226,236
7227,265
7228,284
7229,342
7230,247
7231,237
7232,247
7233,201
7234,242
7235,241
7236,194
7237,233
7238,283
7239,210
7240,298
7241,210
7242,368
7243,313
7244,228
7245,280
7246,308
7247,319
7248,306
7249,306
7250,362
7251,368
7252,355
7253,303
7254,290
7255,376
7256,289
7257,376
7258,355
7259,355
7260,290
7261,391
7262,289
7263,376
7264,381
7265,381
7266,251
7267,199
7268,272
7269,272
7270,388
7271,388
7272,267
7273,332
7274,216
7275,346
7276,246
7277,269
7278,292
7279,298
7280,308
7281,251
7282,236
7283,309
7284,282
7285,282
7286,280
7287,346
7288,280
7289,280
7290,313
7291,322
7292,284
7293,300
7294,237
7295,247
7296,237
7297,237
7298,243
7299,246
7300,366
7301,303
7302,390
7303,303
7304,381
7305,368
7306,225
7307,268
7308,264
7309,336
7310,372
7311,376
7312,272
7313,376
7314,393
7315,290
7316,289
7317,272
7318,267
7319,246
7320,272
7321,281
7322,332
7323,368
7324,368
7325,332
7326,355
7327,355
7328,352
7329,290
7330,272
7331,355
7332,368
7333,269
7334,390
7335,289
7336,289
7337,376
7338,251
7339,216
7340,264
7341,280
7342,265
7343,262
7344,251
7345,308
7346,164
7347,123
7348,160
7349,172
7350,169
7351,151
7352,142
7353,186
7354,245
7355,211
7356,275
7357,214
7358,278
7359,280
7360,259
7361,243
7362,308
7363,307
7364,175
7365,242
7366,242
7367,181
7368,268
7369,277
7370,339
7371,277
7372,336
7373,313
7374,332
7375,306
7376,157
7377,206
7378,206
7379,209
7380,273
7381,344
7382,347
7383,336
7384,306
7385,336
7386,267
7387,308
7388,269
7389,379
7390,312
7391,350
7392,344
7393,280
7394,269
7395,251
7396,268
7397,285
7398,297
7399,268
7400,316
7401,216
7402,251
7403,251
7404,290
7405,277
7406,350
7407,330
7408,320
7409,330
7410,341
7411,228
7412,237
7413,236
7414,255
7415,267
7416,368
7417,280
7418,391
7419,272
7420,388
7421,376
7422,272
7423,316
7424,228
7425,265
7426,251
7427,277
7428,242
7429,336
7430,243
7431,306
7432,379
7433,362
7434,368
7435,280
7436,341
7437,254
7438,274
7439,275
7440,262
7441,336
7442,306
7443,379
7444,280
7445,330
7446,330
7447,358
7448,330
7449,367
7450,341
7451,341
7452,295
7453,241
7454,214
7455,313
7456,267
7457,358
7458,279
7459,349
7460,306
7461,330
7462,341
7463,306
7464,267
7465,346
7466,290
7467,303
7468,272
7469,391
7470,376
7471,368
7472,341
7473,356
7474,356
7475,277
7476,241
7477,330
7478,279
7479,330
7480,330
7481,358
7482,341
7483,325
7484,341
7485,277
7486,306
7487,267
7488,368
7489,374
7490,228
7491,258
7492,259
7493,340
7494,336
7495,362
7496,368
7497,368
7498,347
7499,267
7500,280
7501,330
7502,358
7503,330
7504,294
7505,312
7506,267
7507,350
7508,330
7509,267
7510,283
7511,268
7512,298
7513,268
7514,166
7515,180
7516,177
7517,148
7518,273
7519,284
7520,358
7521,295
7522,294
7523,261
7524,173
7525,360
7526,356
7527,313
7528,282
7529,282
7530,267
7531,367
7532,350
7533,330
7534,282
7535,243
7536,274
7537,241
7538,241
7539,356
7540,229
7541,342
7542,341
7543,261
7544,285
7545,355
7546,285
7547,250
7548,323
7549,228
7550,228
7551,309
7552,371
7553,374
7554,250
7555,276
7556,245
7557,278
7558,228
7559,251
7560,247
7561,308
7562,338
7563,289
7564,368
7565,251
7566,265
7567,242
7568,236
7569,306
7570,336
7571,336
7572,306
7573,336
7574,336
7575,336
7576,332
7577,267
7578,267
7579,280
7580,267
7581,280
7582,358
7583,280
7584,368
7585,280
7586,267
7587,350
7588,222
7589,245
7590,238
7591,278
7592,311
7593,276
7594,279
7595,358
7596,341
7597,356
7598,341
7599,261
7600,336
7601,379
7602,345
7603,306
7604,280
7605,267
7606,280
7607,306
7608,229
7609,229
7610,378
7611,360
7612,277
7613,277
7614,243
7615,277
7616,228
7617,306
7618,306
7619,336
7620,272
7621,272
7622,280
7623,251
7624,251
7625,262
7626,265
7627,228
7628,228
7629,245
7630,336
7631,362
7632,358
7633,367
7634,196
7635,171
7636,218
7637,171
7638,243
7639,309
7640,270
7641,373
7642,309
7643,243
7644,346
7645,284
7646,250
7647,284
7648,284
7649,348
7650,295
7651,235
7652,243
7653,282
7654,284
7655,284
7656,323
7657,358
7658,241
7659,313
7660,313
7661,323
7662,346
7663,250
7664,346
7665,309
7666,250
7667,346
7668,348
7669,295
7670,295
7671,250
7672,295
7673,169
7674,148
7675,285
7676,314
7677,263
7678,168
7679,139
7680,148
7681,148
7682,139
7683,171
7684,148
7685,295
7686,226
7687,240
7688,240
7689,305
7690,249
7691,214
7692,243
7693,255
7694,284
7695,323
7696,250
7697,240
7698,235
7699,229
7700,320
7701,330
7702,367
7703,356
7704,347
7705,284
7706,348
7707,240
7708,267
7709,330
7710,248
7711,333
7712,238
7713,281
7714,238
7715,283
7716,288
7717,310
7718,283
7719,298
7720,263
7721,240
7722,248
7723,222
7724,244
7725,277
7726,323
7727,284
7728,277
7729,199
7730,243
7731,273
7732,305
7733,273
7734,240
7735,248
7736,199
7737,267
7738,205
7739,235
7740,199
7741,254
7742,273
7743,280
7744,293
7745,280
7746,273
7747,273
7748,243
7749,323
7750,340
7751,273
7752,273
7753,243
7754,361
7755,361
7756,291
7757,255
7758,255
7759,216
7760,244
7761,353
7762,334
7763,255
7764,284
7765,171
7766,135
7767,135
7768,239
7769,245
7770,228
7771,263
7772,269
7773,270
7774,292
7775,245
7776,300
7777,273
7778,205
7779,205
7780,209
7781,205
7782,197
7783,295
7784,235
7785,342
7786,366
7787,246
7788,320
7789,295
7790,290
7791,270
7792,280
7793,330
7794,360
7795,355
7796,360
7797,341
7798,247
7799,294
7800,275
7801,290
7802,245
7803,270
7804,292
7805,280
7806,270
7807,276
7808,343
7809,277
7810,280
7811,277
7812,260
7813,260
7814,260
7815,317
7816,340
7817,284
7818,284
7819,341
7820,281
7821,284
7822,327
7823,352
7824,246
7825,273
7826,305
7827,255
7828,283
7829,241
7830,278
7831,245
7832,281
7833,243
7834,284
7835,316
7836,246
7837,368
7838,360
7839,275
7840,255
7841,298
7842,341
7843,295
7844,290
7845,280
7846,279
7847,279
7848,275
7849,245
7850,270
7851,347
7852,317
7853,260
7854,289
7855,296
7856,174
7857,317
7858,226
7859,245
7860,277
7861,290
7862,333
7863,293
7864,289
7865,293
7866,256
7867,257
7868,289
7869,186
7870,246
7871,246
7872,320
7873,275
7874,343
7875,270
7876,270
7877,277
7878,260
7879,314
7880,295
7881,256
7882,261
7883,222
7884,285
7885,322
7886,277
7887,280
7888,260
7889,277
7890,352
7891,369
7892,280
7893,290
7894,362
7895,260
7896,260
7897,289
7898,174
7899,256
7900,231
7901,226
7902,279
7903,226
7904,279
7905,231
7906,231
7907,293
7908,280
7909,277
7910,280
7911,275
7912,276
7913,333
7914,369
7915,277
7916,254
7917,260
7918,317
7919,289
7920,231
7921,400
7922,317
7923,260
7924,270
7925,270
7926,293
7927,277
7928,289
7929,231
7930,231
7931,245
7932,222
7933,245
7934,333
7935,317
7936,260
7937,235
7938,279
7939,222
7940,339
7941,362
7942,317
7943,174
7944,235
7945,262
7946,261
7947,261
7948,281
7949,246
7950,276
7951,277
7952,267
7953,305
7954,226
7955,379
7956,260
7957,317
7958,289
7959,226
7960,226
7961,226
7962,193
7963,266
7964,267
7965,264
7966,267
7967,303
7968,297
7969,127
7970,180
7971,263
7972,356
7973,241
7974,295
7975,356
7976,260
7977,260
7978,284
7979,284
7980,250
7981,284
7982,333
7983,279
7984,320
7985,295
7986,295
7987,316
7988,238
7989,268
7990,305
7991,289
7992,245
7993,245
7994,248
7995,261
7996,282
7997,271
7998,281
7999,276
8000,245
8001,231
8002,295
8003,271
8004,298
8005,295
8006,295
8007,295
8008,360
8009,245
8010,283
8011,238
8012,261
8013,271
8014,271
8015,295
8016,238
8017,283
8018,247
8019,298
8020,316
8021,241
8022,241
8023,278
8024,245
8025,283
8026,281
8027,245
8028,238
8029,238
8030,283
8031,271
8032,283
8033,298
8034,271
8035,263
8036,241
8037,341
8038,271
8039,238
8040,245
8041,238
8042,257
8043,271
8044,298
8045,271
8046,294
8047,298
8048,276
8049,278
8050,278
8051,228
8052,276
8053,238
8054,298
8055,245
8056,271
8057,298
8058,127
8059,171
8060,165
8061,165
8062,220
8063,281
8064,199
8065,228
8066,199
8067,311
8068,263
8069,268
8070,283
8071,271
8072,282
8073,311
8074,280
8075,297
8076,298
8077,211
8078,255
8079,310
8080,311
8081,263
8082,167
8083,256
8084,310
8085,271
8086,298
8087,281
8088,305
8089,279
8090,195
8091,216
8092,204
8093,252
8094,296
8095,283
8096,298
8097,271
8098,271
8099,199
8100,236
8101,268
8102,268
8103,268
8104,363
8105,268
8106,297
8107,266
8108,326
8109,268
8110,268
8111,297
8112,280
8113,297
8114,297
8115,268
8116,340
8117,280
8118,263
8119,297
8120,266
8121,206
8122,311
8123,310
8124,263
8125,310
8126,310
8127,268
8128,311
8129,310
8130,311
8131,340
8132,263
8133,263
8134,268
8135,266
8136,266
8137,297
8138,353
8139,297
8140,310
8141,310
8142,311
8143,310
8144,268
8145,268
8146,297
8147,266
8148,297
8149,290
8150,263
8151,268
8152,354
8153,268
8154,268
8155,280
8156,280
8157,266
8158,318
8159,313
8160,310
8161,313
8162,318
8163,231
8164,231
8165,266
8166,231
8167,342
8168,251
8169,280
8170,280
8171,280
8172,260
8173,260
8174,231
8175,231
8176,261
8177,206
8178,231
8179,231
8180,231
8181,245
8182,248
8183,267
8184,202
8185,227
8186,204
8187,297
8188,266
8189,316
8190,317
8191,331
8192,290
8193,297
8194,268
8195,353
8196,353
8197,297
8198,297
8199,248
8200,248
8201,193
8202,274
8203,263
8204,340
8205,265
8206,208
8207,222
8208,276
8209,248
8210,208
8211,268
8212,355
8213,266
8214,291
8215,290
8216,291
8217,317
8218,314
8219,248
8220,242
8221,254
8222,315
8223,206
8224,208
8225,267
8226,248
8227,190
8228,254
8229,315
8230,272
8231,272
8232,273
8233,248
8234,193
8235,246
8236,242
8237,208
8238,207
8239,254
8240,276
8241,261
8242,237
8243,237
8244,295
8245,206
8246,250
8247,248
8248,265
8249,222
8250,250
8251,190
8252,190
8253,260
8254,242
8255,242
8256,217
8257,254
8258,261
8259,265
8260,193
8261,217
8262,183
8263,329
8264,277
8265,161
8266,238
8267,276
8268,232
8269,316
8270,208
8271,208
8272,222
8273,221
8274,273
8275,222
8276,267
8277,248
8278,206
8279,248
8280,248
8281,208
8282,260
8283,261
8284,261
8285,261
8286,268
8287,265
8288,268
8289,225
8290,275
8291,243
8292,263
8293,236
8294,276
8295,237
8296,322
8297,291
8298,307
8299,276
8300,266
8301,297
8302,353
8303,297
8304,262
8305,277
8306,273
8307,234
8308,316
8309,297
8310,297
8311,297
8312,236
8313,329
8314,272
8315,319
8316,319
8317,290
8318,237
8319,232
8320,261
8321,310
8322,236
8323,240
8324,260
8325,295
8326,297
8327,297
8328,266
8329,316
8330,247
8331,286
8332,278
8333,297
8334,297
8335,289
8336,294
8337,297
8338,278
8339,254
8340,239
8341,328
8342,322
8343,261
8344,257
8345,278
8346,257
8347,257
8348,257
8349,279
8350,285
8351,269
8352,270
8353,305
8354,254
8355,331
8356,298
8357,247
8358,283
8359,276
8360,254
8361,231
8362,260
8363,307
8364,274
8365,295
8366,241
8367,241
8368,319
8369,293
8370,270
8371,285
8372,250
8373,241
8374,254
8375,318
8376,331
8377,277
8378,255
8379,264
8380,276
8381,254
8382,295
8383,254
8384,331
8385,331
8386,292
8387,331
8388,254
8389,331
8390,237
8391,213
8392,269
8393,295
8394,295
8395,241
8396,241
8397,319
8398,249
8399,254
8400,290
8401,291
8402,309
8403,247
8404,297
8405,228
8406,192
8407,331
8408,254
8409,241
8410,247
8411,286
8412,353
8413,228
8414,262
8415,290
8416,286
8417,254
8418,294
8419,241
8420,331
8421,247
8422,237
8423,286
8424,286
8425,213
8426,254
8427,254
8428,241
8429,331
8430,254
8431,241
8432,374
8433,237
8434,286
8435,213
8436,290
8437,297
8438,277
8439,277
8440,271
8441,192
8442,240
8443,332
8444,295
8445,237
8446,274
8447,300
8448,355
8449,288
8450,283
8451,243
8452,231
8453,263
8454,297
8455,297
8456,314
8457,377
8458,332
8459,332
8460,254
8461,331
8462,241
8463,219
8464,254
8465,294
8466,284
8467,284
8468,295
8469,254
8470,241
8471,237
8472,247
8473,274
8474,243
8475,286
8476,243
8477,274
8478,269
8479,239
8480,270
8481,241
8482,254
8483,237
8484,277
8485,241
8486,237
8487,271
8488,277
8489,247
8490,247
8491,251
8492,276
8493,277
8494,213
8495,269
8496,243
8497,295
8498,241
8499,254
8500,241
8501,254
8502,254
8503,254
8504,331
8505,241
8506,374
8507,326
8508,254
8509,331
8510,254
8511,324
8512,237
8513,271
8514,277
8515,240
8516,213
8517,242
8518,240
8519,269
8520,344
8521,237
8522,274
8523,279
8524,334
8525,319
8526,265
8527,384
8528,239
8529,244
8530,231
8531,237
8532,237
8533,290
8534,240
8535,244
8536,219
8537,219
8538,269
8539,247
8540,232
8541,290
8542,213
8543,269
8544,282
8545,280
8546,250
8547,270
8548,278
8549,319
8550,219
8551,213
8552,274
8553,254
8554,254
8555,295
8556,295
8557,305
8558,294
8559,250
8560,233
8561,230
8562,254
8563,278
8564,331
8565,247
8566,262
8567,274
8568,331
8569,283
8570,274
8571,276
8572,273
8573,245
8574,212
8575,239
8576,274
8577,227
8578,227
8579,309
8580,246
8581,285
8582,285
8583,270
8584,286
8585,211
8586,294
8587,294
8588,294
8589,277
8590,212
8591,212
8592,230
8593,235
8594,251
8595,233
8596,212
8597,227
8598,268
8599,251
8600,249
8601,211
8602,233
8603,261
8604,250
8605,254
8606,254
8607,295
8608,283
8609,233
8610,227
8611,211
8612,195
8613,213
8614,219
8615,254
8616,240
8617,294
8618,274
8619,215
8620,212
8621,251
8622,251
8623,231
8624,254
8625,277
8626,285
8627,251
8628,251
8629,251
8630,249
8631,249
8632,233
8633,243
8634,257
8635,254
8636,294
8637,277
8638,240
8639,212
8640,251
8641,233
8642,227
8643,272
8644,213
8645,270
8646,243
8647,230
8648,212
8649,276
8650,195
8651,215
8652,215
8653,283
8654,255
8655,285
8656,212
8657,251
8658,249
8659,211
8660,250
8661,236
8662,211
8663,236
8664,283
8665,227
8666,251
8667,251
8668,212
8669,212
8670,212
8671,197
8672,195
8673,211
8674,268
8675,258
8676,341
8677,295
8678,360
8679,320
8680,360
8681,391
8682,251
8683,342
8684,342
8685,277
8686,242
8687,358
8688,255
8689,330
8690,236
8691,211
8692,207
8693,212
8694,212
8695,229
8696,246
8697,256
8698,240
8699,391
8700,314
8701,212
8702,251
8703,257
8704,270
8705,349
8706,211
8707,360
8708,360
8709,295
8710,295
8711,360
8712,254
8713,262
8714,289
8715,287
8716,372
8717,344
8718,344
8719,344
8720,344
8721,391
8722,344
8723,344
8724,256
8725,256
8726,273
8727,273
8728,278
8729,229
8730,275
8731,259
8732,313
8733,370
8734,370
8735,269
8736,370
8737,261
8738,306
8739,262
8740,306
8741,273
8742,229
8743,243
8744,266
8745,266
8746,246
8747,246
8748,266
8749,229
8750,229
8751,243
8752,226
8753,195
8754,198
8755,341
8756,241
8757,229
8758,235
8759,216
8760,349
8761,270
8762,332
8763,262
8764,252
8765,262
8766,293
8767,229
8768,229
8769,229
8770,229
8771,229
8772,344
8773,269
8774,269
8775,273
8776,243
8777,298
8778,270
8779,273
8780,270
8781,270
8782,229
8783,259
8784,310
8785,391
8786,394
8787,344
8788,370
8789,370
8790,269
8791,269
8792,222
8793,286
8794,273
8795,286
8796,286
8797,298
8798,298
8799,180
8800,172
8801,169
8802,216
8803,331
8804,270
8805,356
8806,322
8807,247
8808,261
8809,275
8810,344
8811,222
8812,222
8813,299
8814,332
8815,286
8816,270
8817,286
8818,290
8819,293
8820,252
8821,278
8822,275
8823,243
8824,243
8825,286
8826,210
8827,265
8828,265
8829,332
8830,340
8831,344
8832,344
8833,107
8834,204
8835,156
8836,169
8837,218
8838,218
8839,335
8840,222
8841,271
8842,286
8843,270
8844,356
8845,262
8846,273
8847,262
8848,229
8849,259
8850,235
8851,286
8852,298
8853,340
8854,229
8855,229
8856,229
8857,243
8858,229
8859,230
8860,201
8861,269
8862,286
8863,298
8864,340
8865,308
8866,50
8867,275
8868,221
8869,216
8870,195
8871,349
8872,308
8873,176
8874,248
8875,349
8876,273
8877,332
8878,298
8879,286
8880,308
8881,298
8882,163
8883,341
8884,360
8885,261
8886,262
8887,262
8888,229
8889,303
8890,273
8891,273
8892,332
8893,332
8894,280
8895,368
8896,346
8897,336
8898,290
8899,384
8900,290
8901,379
8902,344
8903,299
8904,349
8905,264
8906,297
8907,275
8908,235
8909,298
8910,322
8911,275
8912,371
8913,340
8914,308
8915,245
8916,350
8917,277
8918,284
8919,343
8920,322
8921,390
8922,395
8923,322
8924,359
8925,276
8926,270
8927,322
8928,360
8929,275
8930,379
8931,273
8932,258
8933,356
8934,293
8935,270
8936,276
8937,209
8938,196
8939,156
8940,277
8941,155
8942,298
8943,277
8944,210
8945,149
8946,282
8947,350
8948,208
8949,208
8950,270
8951,343
8952,187
8953,194
8954,368
8955,276
8956,343
8957,343
8958,194
8959,277
8960,293
8961,293
8962,292
8963,276
8964,191
8965,350
8966,350
8967,280
8968,254
8969,339
8970,322
8971,269
8972,190
8973,296
8974,332
8975,276
8976,276
8977,276
8978,118
8979,192
8980,155
8981,343
8982,352
8983,153
8984,168
8985,276
8986,160
8987,240
8988,196
8989,168
8990,191
8991,196
8992,196
8993,155
8994,156
8995,169
8996,197
8997,368
8998,197
8999,208
9000,241
9001,173
9002,186
9003,163
9004,196
9005,179
9006,197
9007,186
9008,208
9009,270
9010,270
9011,299
9012,155
9013,158
9014,141
9015,255
9016,214
9017,248
9018,333
9019,179
9020,272
9021,281
9022,298
9023,346
9024,208
9025,304
9026,168
9027,186
9028,133
9029,243
9030,235
9031,148
9032,281
9033,281
9034,159
9035,158
9036,184
9037,252
9038,281
9039,330
9040,186
9041,319
9042,308
9043,197
9044,319
9045,121
9046,308
9047,243
9048,281
9049,272
9050,341
9051,308
9052,243
9053,235
9054,281
9055,281
9056,319
9057,319
9058,319
9059,354
9060,281
9061,281
9062,319
9063,308
9064,272
9065,308
9066,308
9067,229
9068,323
9069,378
9070,288
9071,337
9072,319
9073,308
9074,354
9075,354
9076,303
9077,308
9078,316
9079,316
9080,262
9081,281
9082,319
9083,308
9084,246
9085,288
9086,246
9087,359
9088,282
9089,360
9090,360
9091,237
9092,291
9093,276
9094,294
9095,237
9096,295
9097,276
9098,264
9099,308
9100,276
9101,294
9102,319
9103,262
9104,281
9105,304
9106,319
9107,308
9108,261
9109,261
9110,292
9111,308
9112,350
9113,274
9114,308
9115,295
9116,308
9117,303
9118,308
9119,261
9120,310
9121,272
9122,319
9123,260
9124,295
9125,264
9126,264
9127,295
9128,255
9129,308
9130,308
9131,308
9132,298
9133,261
9134,261
9135,276
9136,270
9137,261
9138,298
9139,291
9140,264
9141,298
9142,282
9143,298
9144,277
9145,358
9146,293
9147,343
9148,276
9149,276
9150,352
9151,276
9152,310
9153,226
9154,308
9155,319
9156,266
9157,294
9158,240
9159,241
9160,226
9161,307
9162,264
9163,295
9164,264
9165,285
9166,262
9167,276
9168,264
9169,281
9170,304
9171,319
9172,303
9173,354
9174,308
9175,255
9176,235
9177,294
9178,310
9179,295
9180,255
9181,255
9182,264
9183,255
9184,276
9185,255
9186,305
9187,229
9188,278
9189,229
9190,310
9191,266
9192,258
9193,230
9194,205
9195,225
9196,243
9197,229
9198,266
9199,258
9200,229
9201,164
9202,166
9203,179
9204,197
9205,240
9206,240
9207,248
9208,208
9209,222
9210,269
9211,360
9212,285
9213,241
9214,250
9215,368
9216,164
9217,258
9218,228
9219,179
9220,169
9221,182
9222,179
9223,184
9224,283
9225,258
9226,228
9227,258
9228,297
9229,280
9230,254
9231,280
9232,280
9233,256
9234,256
9235,295
9236,156
9237,166
9238,179
9239,179
9240,297
9241,228
9242,210
9243,321
9244,247
9245,293
9246,247
9247,321
9248,379
9249,376
9250,254
9251,254
9252,280
9253,280
9254,339
9255,254
9256,339
9257,376
9258,241
9259,335
9260,254
9261,254
9262,280
9263,254
9264,280
9265,376
9266,376
9267,362
9268,241
9269,241
9270,277
9271,254
9272,254
9273,345
9274,241
9275,285
9276,258
9277,285
9278,294
9279,320
9280,246
9281,320
9282,297
9283,276
9284,292
9285,290
9286,298
9287,399
9288,340
9289,335
9290,321
9291,283
9292,290
9293,359
9294,359
9295,345
9296,244
9297,207
9298,207
9299,316
9300,265
9301,228
9302,308
9303,277
9304,251
9305,222
9306,293
9307,254
9308,277
9309,376
9310,280
9311,294
9312,278
9313,303
9314,265
9315,247
9316,199
9317,228
9318,228
9319,216
9320,311
9321,286
9322,227
9323,249
9324,304
9325,293
9326,280
9327,311
9328,280
9329,258
9330,362
9331,280
9332,376
9333,298
9334,239
9335,280
9336,254
9337,354
9338,298
9339,280
9340,275
9341,295
9342,339
9343,256
9344,285
9345,303
9346,221
9347,241
9348,303
9349,280
9350,303
9351,239
9352,249
9353,236
9354,233
9355,290
9356,318
9357,285
9358,268
9359,303
9360,272
9361,272
9362,388
9363,350
9364,266
9365,303
9366,303
9367,303
9368,365
9369,278
9370,310
9371,285
9372,241
9373,299
9374,285
9375,278
9376,211
9377,243
9378,242
9379,287
9380,211
9381,221
9382,235
9383,278
9384,228
9385,216
9386,308
9387,241
9388,265
9389,268
9390,303
9391,268
9392,359
9393,303
9394,303
9395,280
9396,303
9397,328
9398,257
9399,268
9400,300
9401,288
9402,278
9403,328
9404,172
9405,259
9406,231
9407,248
9408,226
9409,268
9410,301
9411,303
9412,236
9413,250
9414,216
9415,243
9416,211
9417,232
9418,248
9419,235
9420,320
9421,231
9422,231
9423,242
9424,268
9425,301
9426,303
9427,303
9428,339
9429,186
9430,233
9431,243
9432,278
9433,284
9434,268
9435,331
9436,229
9437,162
9438,229
9439,259
9440,217
9441,191
9442,270
9443,236
9444,265
9445,268
9446,268
9447,318
9448,268
9449,285
9450,278
9451,303
9452,330
9453,227
9454,227
9455,284
9456,284
9457,241
9458,217
9459,283
9460,208
9461,290
9462,290
9463,295
9464,295
9465,295
9466,293
9467,174
9468,243
9469,217
9470,229
9471,284
9472,298
9473,311
9474,337
9475,311
9476,255
9477,305
9478,273
9479,290
9480,317
9481,284
9482,275
9483,236
9484,228
9485,255
9486,284
9487,284
9488,284
9489,277
9490,350
9491,281
9492,285
9493,295
9494,311
9495,337
9496,290
9497,305
9498,305
9499,254
9500,254
9501,295
9502,358
9503,278
9504,339
9505,339
9506,330
9507,243
9508,230
9509,172
9510,235
9511,335
9512,270
9513,284
9514,355
9515,267
9516,299
9517,337
9518,290
9519,245
9520,290
9521,311
9522,298
9523,283
9524,295
9525,248
9526,214
9527,311
9528,337
9529,298
9530,271
9531,295
9532,281
9533,320
9534,281
9535,285
9536,311
9537,281
9538,273
9539,290
9540,260
9541,326
9542,311
9543,290
9544,183
9545,245
9546,283
9547,295
9548,293
9549,254
9550,309
9551,320
9552,298
9553,298
9554,231
9555,232
9556,295
9557,281
9558,199
9559,241
9560,229
9561,283
9562,350
9563,234
9564,254
9565,326
9566,281
9567,295
9568,221
9569,221
9570,309
9571,229
9572,276
9573,232
9574,283
9575,228
9576,345
9577,371
9578,309
9579,309
9580,355
9581,355
9582,289
9583,300
9584,289
9585,370
9586,286
9587,297
9588,309
9589,284
9590,326
9591,309
9592,247
9593,268
9594,338
9595,309
9596,256
9597,239
9598,256
9599,256
9600,256
9601,231
9602,263
9603,289
9604,300
9605,263
9606,330
9607,281
9608,281
9609,311
9610,295
9611,256
9612,239
9613,269
9614,213
9615,213
9616,295
9617,275
9618,311
9619,311
9620,352
9621,247
9622,274
9623,342
9624,289
9625,289
9626,341
9627,268
9628,306
9629,356
9630,256
9631,283
9632,290
9633,260
9634,268
9635,319
9636,301
9637,287
9638,320
9639,295
9640,237
9641,223
9642,284
9643,286
9644,232
9645,332
9646,241
9647,237
9648,247
9649,283
9650,240
9651,270
9652,309
9653,285
9654,298
9655,289
9656,234
9657,226
9658,336
9659,365
9660,303
9661,290
9662,295
9663,311
9664,283
9665,285
9666,231
9667,285
9668,215
9669,305
9670,268
9671,254
9672,358
9673,316
9674,256
9675,281
9676,281
9677,295
9678,295
9679,290
9680,307
9681,295
9682,295
9683,295
9684,290
9685,289
9686,254
9687,268
9688,330
9689,295
9690,239
9691,237
9692,283
9693,215
9694,237
9695,237
9696,301
9697,241
9698,295
9699,309
9700,303
9701,217
9702,305
9703,289
9704,263
9705,263
9706,241
9707,358
9708,256
9709,239
9710,261
9711,239
9712,241
9713,215
9714,326
9715,290
9716,309
9717,239
9718,283
9719,240
9720,215
9721,269
9722,281
9723,289
9724,268
9725,295
9726,316
9727,316
9728,239
9729,196
9730,277
9731,295
9732,275
9733,311
9734,256
9735,239
9736,304
9737,314
9738,295
9739,296
9740,311
9741,290
9742,283
9743,273
9744,311
9745,311
9746,260
9747,260
9748,314
9749,231
9750,244
9751,261
9752,215
9753,227
9754,298
9755,226
9756,214
9757,234
9758,319
9759,309
9760,271
9761,295
9762,278
9763,278
9764,278
9765,309
9766,237
9767,250
9768,277
9769,286
9770,274
9771,242
9772,270
9773,213
9774,243
9775,213
9776,285
9777,231
9778,286
9779,237
9780,193
9781,256
9782,239
9783,278
9784,241
9785,239
9786,330
9787,279
9788,360
9789,295
9790,256
9791,256
9792,239
9793,269
9794,237
9795,237
9796,231
9797,206
9798,197
9799,297
9800,351
9801,271
9802,313
9803,310
9804,237
9805,231
9806,372
9807,372
9808,362
9809,237
9810,215
9811,215
9812,372
9813,346
9814,372
9815,372
9816,374
9817,215
9818,244
9819,237
9820,244
9821,248
9822,248
9823,333
9824,333
9825,283
9826,239
9827,256
9828,215
9829,333
9830,333
9831,285
9832,251
9833,222
9834,362
9835,301
9836,215
9837,374
9838,333
9839,377
9840,237
9841,372
9842,333
9843,295
9844,285
9845,228
9846,215
9847,332
9848,332
9849,332
9850,332
9851,372
9852,333
9853,372
9854,372
9855,332
9856,332
9857,349
9858,371
9859,295
9860,371
9861,372
9862,372
9863,372
9864,333
9865,372
9866,295
9867,372
9868,332
9869,371
9870,372
9871,372
9872,372
9873,372
9874,372
9875,371
9876,362
9877,372
9878,340
9879,269
9880,299
9881,340
9882,310
9883,333
9884,333
9885,333
9886,372
9887,355
9888,371
9889,332
9890,332
9891,252
9892,258
9893,332
9894,295
9895,335
9896,349
9897,332
9898,295
9899,295
9900,295
9901,283
9902,343
9903,332
9904,402
9905,295
9906,332
9907,332
9908,295
9909,254
9910,237
9911,212
9912,297
9913,283
9914,362
9915,295
9916,343
9917,371
9918,297
9919,377
9920,371
9921,295
9922,264
9923,343
9924,349
9925,399
9926,321
9927,373
9928,283
9929,332
9930,295
9931,371
9932,284
9933,348
9934,284
9935,348
9936,299
9937,299
9938,299
9939,243
9940,345
9941,334
9942,232
9943,286
9944,332
9945,332
9946,295
9947,332
9948,297
9949,283
9950,297
9951,283
9952,273
9953,292
9954,297
9955,359
9956,243
9957,273
9958,352
9959,286
9960,273
9961,352
9962,350
9963,297
9964,354
9965,291
9966,273
9967,283
9968,297
9969,297
9970,329
9971,273
9972,286
9973,286
9974,359
9975,354
9976,273
9977,291
9978,256
9979,349
9980,334
9981,299
9982,256
9983,283
9984,375
9985,243
9986,346
9987,286
9988,286
9989,374
9990,283
9991,349
9992,296
9993,299
9994,286
9995,232
9996,286
9997,256
9998,292
9999,287
10000,292
10001,271
10002,388
10003,271
10004,232
10005,286
10006,286
10007,239
10008,276
10009,286
10010,286
10011,271
10012,286
10013,315
10014,239
10015,256
10016,256
10017,292
10018,271
10019,286
10020,284
10021,271
10022,292
10023,271
10024,292
10025,358
10026,355
10027,239
10028,256
10029,292
10030,295
10031,377
10032,258
10033,252
10034,298
10035,321
10036,335
10037,256
10038,271
10039,256
10040,331
10041,318
10042,326
10043,241
10044,280
10045,289
10046,355
10047,291
10048,267
10049,284
10050,284
10051,292
10052,290
10053,271
10054,292
10055,271
10056,349
10057,271
10058,271
10059,290
10060,349
10061,271
10062,271
10063,297
10064,271
10065,292
10066,349
10067,292
10068,271
10069,256
10070,292
10071,362
10072,333
10073,239
10074,292
10075,271
10076,290
10077,290
10078,333
10079,310
10080,292
10081,351
10082,271
10083,271
10084,292
10085,271
10086,388
10087,375
10088,372
10089,292
10090,271
10091,349
10092,290
10093,349
10094,290
10095,292
10096,292
10097,287
10098,290
10099,256
10100,292
10101,271
10102,322
10103,271
10104,271
10105,349
10106,271
10107,271
10108,271
10109,271
10110,333
10111,302
10112,254
10113,292
10114,292
10115,299
10116,276
10117,286
10118,286
10119,283
10120,271
10121,271
10122,292
10123,302
10124,284
10125,271
10126,292
10127,355
10128,333
10129,372
10130,284
10131,379
10132,271
10133,292
10134,372
10135,374
10136,206
10137,368
10138,254
10139,292
10140,290
10141,333
10142,333
10143,372
10144,372
10145,292
10146,271
10147,374
10148,333
10149,362
10150,372
10151,372
10152,333
10153,355
10154,271
10155,372
10156,333
10157,333
10158,372
10159,271
10160,349
10161,271
10162,372
10163,372
10164,292
10165,271
10166,292
10167,271
10168,292
10169,292
10170,372
10171,372
10172,372
10173,372
10174,372
10175,267
10176,243
10177,225
10178,241
10179,241
10180,246
10181,246
10182,246
10183,219
10184,304
10185,252
10186,304
10187,281
10188,281
10189,308
10190,336
10191,306
10192,336
10193,306
10194,280
10195,280
10196,272
10197,368
10198,228
10199,236
10200,285
10201,320
10202,360
10203,241
10204,275
10205,261
10206,287
10207,229
10208,276
10209,261
10210,257
10211,271
10212,266
10213,266
10214,271
10215,238
10216,283
10217,284
10218,255
10219,284
10220,305
10221,293
10222,279
10223,295
10224,320
10225,275
10226,280
10227,369
10228,280
10229,376
10230,174
10231,245
10232,252
10233,245
10234,248
10235,248
10236,225
10237,214
10238,226
10239,245
10240,309
10241,297
10242,297
10243,366
10244,266
10245,297
10246,286
10247,267
10248,193
10249,231
10250,333
10251,372
10252,277
10253,273
10254,269
10255,294
10256,297
10257,247
10258,254
10259,270
10260,250
10261,257
10262,286
10263,274
10264,257
10265,249
10266,269
10267,240
10268,269
10269,215
10270,251
10271,251
10272,195
10273,243
10274,360
10275,266
10276,229
10277,243
10278,155
10279,270
10280,270
10281,286
10282,298
10283,236
10284,158
10285,292
10286,276
10287,194
10288,178
10289,319
10290,256
10291,268
10292,268
10293,265
10294,339
10295,328
10296,235
10297,229
10298,190
10299,260
10300,338
10301,239
10302,239
10303,332
10304,273
10305,334
10306,334
10307,271
10308,271
10309,290
